Rank,Name,Team,Position,Week,Opponent,UpcomingOpponentRank,UpcomingOpponentPositionRank,FanDuelSalary,FantasyPointsFanDuel
1,Antonio Brown,PIT,WR,15,NE,21,27,9300,18.25
2,Antonio Brown,PIT,WR,1,CLE,31,25,9100,17.17
3,Antonio Brown,PIT,WR,14,BAL,2,2,9000,17.03
4,Antonio Brown,PIT,WR,2,MIN,5,3,9400,16.69
5,AJ Green,CIN,WR,4,CLE,16,15,8000,16.5
6,Antonio Brown,PIT,WR,3,CHI,24,16,9000,16.46
7,Antonio Brown,PIT,WR,4,BAL,7,5,9200,16.27
8,Julio Jones,ATL,WR,2,GB,28,32,8800,16.15
9,Antonio Brown,PIT,WR,10,IND,29,31,9300,16.06
10,Julio Jones,ATL,WR,1,CHI,20,27,9000,15.88
11,Antonio Brown,PIT,WR,12,GB,16,26,9600,15.76
12,Keenan Allen,LAC,WR,15,KC,25,31,8800,15.65
13,DeAndre Hopkins,HOU,WR,14,SF,28,17,8600,15.48
14,Mike Evans,TB,WR,5,NE,32,29,8900,15.45
15,Antonio Brown,PIT,WR,11,TEN,16,25,9000,15.43
15,Keenan Allen,LAC,WR,14,WAS,22,6,8400,15.43
17,Julio Jones,ATL,WR,4,BUF,1,6,8400,15.21
18,AJ Green,CIN,WR,8,IND,32,30,8500,15.17
18,Mike Evans,TB,WR,2,CHI,20,27,8500,15.17
20,Odell Beckham Jr,NYG,WR,4,TB,29,32,9100,15.11
21,AJ Green,CIN,WR,3,GB,12,17,7500,15.07
22,Jordy Nelson,GB,WR,5,DAL,26,22,8600,15.06
23,Julio Jones,ATL,WR,3,DET,8,11,9300,15.05
24,Julio Jones,ATL,WR,15,TB,29,32,9000,15.04
25,Antonio Brown,PIT,WR,5,JAX,4,1,8800,15
26,Keenan Allen,LAC,WR,16,NYJ,27,23,8300,14.88
27,Keenan Allen,LAC,WR,13,CLE,20,9,8100,14.81
28,Odell Beckham Jr,NYG,WR,5,LAC,25,21,8900,14.79
29,Julio Jones,ATL,WR,6,MIA,6,10,8400,14.75
29,Antonio Brown,PIT,WR,8,DET,16,18,9200,14.75
31,Jordy Nelson,GB,WR,2,ATL,29,19,8100,14.71
32,Michael Thomas,NO,WR,4,MIA,14,16,7900,14.67
33,Julio Jones,ATL,WR,17,CAR,14,28,8400,14.65
34,DeAndre Hopkins,HOU,WR,16,PIT,5,11,8200,14.56
34,Michael Thomas,NO,WR,15,NYJ,23,26,8100,14.56
36,Keenan Allen,LAC,WR,17,OAK,20,11,8600,14.53
37,Jordy Nelson,GB,WR,1,SEA,4,17,7700,14.48
38,DeAndre Hopkins,HOU,WR,6,CLE,21,13,8000,14.47
39,Antonio Brown,PIT,WR,7,CIN,3,5,9300,14.46
40,Julio Jones,ATL,WR,14,NO,12,16,8500,14.44
40,Julio Jones,ATL,WR,7,NE,32,28,8800,14.44
42,Michael Thomas,NO,WR,16,ATL,14,12,8200,14.36
43,DeAndre Hopkins,HOU,WR,13,TEN,18,25,8000,14.35
44,Jordy Nelson,GB,WR,4,CHI,12,14,8400,14.28
44,Antonio Brown,PIT,WR,6,KC,25,31,9200,14.28
44,Julio Jones,ATL,WR,13,MIN,5,16,8600,14.28
47,Larry Fitzgerald,ARI,WR,2,IND,26,12,6600,14.24
48,Mike Evans,TB,WR,8,CAR,6,8,8200,14.15
49,Julio Jones,ATL,WR,10,DAL,18,25,8000,14.13
50,Brandin Cooks,NE,WR,2,NO,30,23,7900,14.11
50,Adam Thielen,MIN,WR,13,ATL,11,5,7800,14.11
52,Michael Thomas,NO,WR,17,TB,28,32,8200,14.02
53,Mike Evans,TB,WR,13,GB,22,30,7500,13.92
54,AJ Green,CIN,WR,14,CHI,13,19,8300,13.88
54,Michael Thomas,NO,WR,12,LAR,8,7,7600,13.88
56,Doug Baldwin,SEA,WR,1,GB,28,32,7500,13.87
57,Julio Jones,ATL,WR,12,TB,26,31,7800,13.86
58,Amari Cooper,OAK,WR,1,TEN,19,31,7600,13.84
58,Antonio Brown,PIT,WR,13,CIN,10,3,9100,13.84
60,Doug Baldwin,SEA,WR,2,SF,32,26,7600,13.83
61,AJ Green,CIN,WR,5,BUF,2,6,8300,13.82
62,Adam Thielen,MIN,WR,15,CIN,15,5,7600,13.78
63,AJ Green,CIN,WR,2,HOU,3,5,8200,13.75
63,Michael Thomas,NO,WR,14,ATL,11,4,7600,13.75
65,AJ Green,CIN,WR,1,BAL,8,20,8400,13.74
66,Michael Thomas,NO,WR,2,NE,2,9,8000,13.68
67,Michael Thomas,NO,WR,11,WAS,23,13,8600,13.61
68,AJ Green,CIN,WR,7,PIT,1,1,8500,13.59
68,Amari Cooper,OAK,WR,3,WAS,23,6,7700,13.59
70,Julio Jones,ATL,WR,16,NO,11,15,8500,13.56
71,Michael Crabtree,OAK,WR,3,WAS,23,6,7700,13.54
71,Stefon Diggs,MIN,WR,5,CHI,20,22,7200,13.54
73,DeAndre Hopkins,HOU,WR,5,KC,15,22,7700,13.51
74,DeAndre Hopkins,HOU,WR,1,JAX,13,6,7100,13.44
74,Michael Thomas,NO,WR,9,TB,28,29,7600,13.44
76,Mike Evans,TB,WR,9,NO,14,17,8500,13.43
76,Mike Evans,TB,WR,4,NYG,12,4,7900,13.43
78,Mike Evans,TB,WR,3,MIN,27,24,8600,13.42
79,Amari Cooper,OAK,WR,2,NYJ,21,16,7900,13.38
80,Julio Jones,ATL,WR,8,NYJ,25,25,8700,13.36
81,AJ Green,CIN,WR,12,CLE,17,10,8300,13.32
81,Mike Evans,TB,WR,11,MIA,20,16,7800,13.32
83,Michael Thomas,NO,WR,7,GB,14,19,7700,13.31
84,Jordy Nelson,GB,WR,3,CIN,6,2,8400,13.3
85,DeAndre Hopkins,HOU,WR,2,CIN,12,2,7400,13.23
86,DeAndre Hopkins,HOU,WR,15,JAX,1,1,8200,13.2
87,Michael Thomas,NO,WR,6,DET,12,19,8500,13.15
88,Tyreek Hill,KC,WR,4,WAS,5,3,7400,13.14
89,Brandin Cooks,NE,WR,5,TB,29,32,7500,13.09
90,DeAndre Hopkins,HOU,WR,10,LAR,11,5,7600,13.08
91,Adam Thielen,MIN,WR,16,GB,28,27,8100,13.02
92,Dez Bryant,DAL,WR,1,NYG,6,7,7800,13
92,Brandin Cooks,NE,WR,14,MIA,21,12,7600,13
92,AJ Green,CIN,WR,10,TEN,20,22,7900,13
95,Dez Bryant,DAL,WR,5,GB,6,11,7800,12.99
95,Mike Evans,TB,WR,12,ATL,13,6,7700,12.99
97,Brandin Cooks,NE,WR,1,KC,11,15,7400,12.97
98,Adam Thielen,MIN,WR,14,CAR,8,21,7500,12.96
99,Dez Bryant,DAL,WR,9,KC,26,32,7700,12.95
99,Doug Baldwin,SEA,WR,3,TEN,18,25,7400,12.95
101,Michael Thomas,NO,WR,13,CAR,6,20,7600,12.94
102,Dez Bryant,DAL,WR,7,SF,28,22,8200,12.92
103,DeAndre Hopkins,HOU,WR,9,IND,32,31,9100,12.9
103,Julio Jones,ATL,WR,9,CAR,3,8,7900,12.9
105,Julio Jones,ATL,WR,11,SEA,6,17,7700,12.88
105,Keenan Allen,LAC,WR,6,OAK,16,12,7200,12.88
107,Keenan Allen,LAC,WR,12,DAL,20,24,8000,12.82
108,Michael Thomas,NO,WR,8,CHI,9,11,7500,12.79
109,Keenan Allen,LAC,WR,3,KC,28,28,7200,12.78
110,Tyreek Hill,KC,WR,3,LAC,19,23,7300,12.76
111,Larry Fitzgerald,ARI,WR,4,SF,26,18,6700,12.72
112,T.Y. Hilton,IND,WR,6,TEN,29,27,8600,12.71
113,Odell Beckham Jr,NYG,WR,3,PHI,13,8,8800,12.7
114,Mike Evans,TB,WR,7,BUF,4,10,8100,12.69
115,Tyreek Hill,KC,WR,2,PHI,10,30,7200,12.67
115,Emmanuel Sanders,DEN,WR,4,OAK,24,13,6900,12.67
115,Michael Crabtree,OAK,WR,1,TEN,19,31,6900,12.67
115,Doug Baldwin,SEA,WR,11,ATL,10,6,8100,12.67
119,DeAndre Hopkins,HOU,WR,4,TEN,30,29,7300,12.64
119,Larry Fitzgerald,ARI,WR,14,TEN,17,24,7600,12.64
121,Mike Evans,TB,WR,16,CAR,10,24,7000,12.6
122,Larry Fitzgerald,ARI,WR,1,DET,24,24,6400,12.59
123,Doug Baldwin,SEA,WR,4,IND,29,28,7600,12.58
124,Doug Baldwin,SEA,WR,8,HOU,14,15,7700,12.54
124,Jarvis Landry,MIA,WR,4,NO,31,25,6800,12.54
126,Michael Thomas,NO,WR,1,MIN,5,3,8700,12.53
127,Michael Crabtree,OAK,WR,2,NYJ,21,16,7300,12.5
128,AJ Green,CIN,WR,15,MIN,2,11,7700,12.44
129,Mike Evans,TB,WR,14,DET,19,15,7300,12.39
129,AJ Green,CIN,WR,13,PIT,3,7,7900,12.39
129,Doug Baldwin,SEA,WR,9,WAS,19,5,7900,12.39
129,Keenan Allen,LAC,WR,8,NE,31,28,7800,12.39
133,Mike Evans,TB,WR,6,ARI,22,27,8100,12.38
134,Brandin Cooks,NE,WR,11,OAK,24,15,7700,12.37
134,Adam Thielen,MIN,WR,12,DET,14,16,8300,12.37
134,Larry Fitzgerald,ARI,WR,7,LAR,20,7,7500,12.37
137,Brandin Cooks,NE,WR,13,BUF,14,10,7600,12.36
137,Michael Thomas,NO,WR,3,CAR,1,1,7500,12.36
139,AJ Green,CIN,WR,16,DET,17,16,7800,12.35
139,Davante Adams,GB,WR,15,CAR,9,21,7300,12.35
141,AJ Green,CIN,WR,17,BAL,3,2,7700,12.33
141,Demaryius Thomas,DEN,WR,7,LAC,18,24,7100,12.33
141,Doug Baldwin,SEA,WR,5,LAR,28,13,7300,12.33
141,Golden Tate,DET,WR,10,CLE,21,15,7400,12.33
145,Doug Baldwin,SEA,WR,15,LAR,14,8,7100,12.31
145,Doug Baldwin,SEA,WR,12,SF,32,21,7900,12.31
147,Chris Hogan,NE,WR,5,TB,29,32,7000,12.3
148,Tyreek Hill,KC,WR,9,DAL,20,27,7700,12.26
148,DeAndre Hopkins,HOU,WR,3,NE,31,29,7500,12.26
150,Dez Bryant,DAL,WR,4,LAR,20,10,7800,12.24
150,Stefon Diggs,MIN,WR,1,NO,30,23,7300,12.24
152,Davante Adams,GB,WR,13,TB,30,32,6500,12.23
153,DeAndre Hopkins,HOU,WR,12,BAL,2,2,7600,12.22
153,Adam Thielen,MIN,WR,11,LAR,7,6,7700,12.22
155,Demaryius Thomas,DEN,WR,4,OAK,24,13,6900,12.21
156,Jarvis Landry,MIA,WR,16,KC,21,29,6800,12.2
157,Golden Tate,DET,WR,6,NO,24,22,7600,12.19
158,Michael Crabtree,OAK,WR,6,LAC,23,23,7000,12.17
158,Stefon Diggs,MIN,WR,4,DET,9,17,7200,12.17
158,Demaryius Thomas,DEN,WR,2,DAL,14,11,7000,12.17
158,Jarvis Landry,MIA,WR,17,BUF,17,5,7200,12.17
162,Jarvis Landry,MIA,WR,3,NYJ,30,30,6800,12.14
163,Tyreek Hill,KC,WR,14,OAK,23,16,7800,12.13
163,Jarvis Landry,MIA,WR,14,NE,18,27,7000,12.13
163,Larry Fitzgerald,ARI,WR,15,WAS,28,12,7300,12.13
166,Brandin Cooks,NE,WR,4,CAR,3,8,7900,12.12
166,Doug Baldwin,SEA,WR,10,ARI,26,28,7500,12.12
168,Brandin Cooks,NE,WR,7,ATL,17,11,7800,12.1
169,Alshon Jeffery,PHI,WR,13,SEA,6,17,7300,12.06
169,Dez Bryant,DAL,WR,8,WAS,22,6,8300,12.06
171,Golden Tate,DET,WR,4,MIN,21,31,7100,12.05
171,Larry Fitzgerald,ARI,WR,5,PHI,21,29,6700,12.05
171,Jarvis Landry,MIA,WR,15,BUF,13,3,7100,12.05
174,Devin Funchess,CAR,WR,15,GB,24,29,7300,12.02
174,Dez Bryant,DAL,WR,15,OAK,26,14,7400,12.02
176,Devin Funchess,CAR,WR,13,NO,12,15,7500,12.01
176,Michael Thomas,NO,WR,10,BUF,10,8,7600,12.01
178,Demaryius Thomas,DEN,WR,3,BUF,3,5,7100,12
179,Marvin Jones,DET,WR,14,TB,30,32,7000,11.99
180,Larry Fitzgerald,ARI,WR,16,NYG,32,25,7500,11.98
181,Davante Adams,GB,WR,14,CLE,21,12,6900,11.95
182,Golden Tate,DET,WR,3,ATL,25,15,7400,11.94
183,Mike Evans,TB,WR,17,NO,11,17,6900,11.92
183,Larry Fitzgerald,ARI,WR,13,LAR,9,6,7400,11.92
185,Brandin Cooks,NE,WR,12,MIA,21,19,7600,11.9
185,Dez Bryant,DAL,WR,11,PHI,12,19,7400,11.9
185,Larry Fitzgerald,ARI,WR,11,HOU,27,31,6900,11.9
188,Jamison Crowder,WAS,WR,13,DAL,27,29,6900,11.89
189,Terrelle Pryor,WAS,WR,2,LAR,15,28,6800,11.88
190,Michael Crabtree,OAK,WR,7,KC,23,31,7300,11.87
190,Demaryius Thomas,DEN,WR,1,LAC,16,8,8300,11.87
190,Jarvis Landry,MIA,WR,5,TEN,31,31,6600,11.87
193,Odell Beckham Jr,NYG,WR,2,DET,9,21,8600,11.85
193,Tyreek Hill,KC,WR,5,HOU,9,15,7400,11.85
195,Emmanuel Sanders,DEN,WR,3,BUF,3,5,6900,11.82
196,AJ Green,CIN,WR,11,DEN,16,3,7800,11.81
196,Keenan Allen,LAC,WR,4,PHI,17,22,7300,11.81
198,Alshon Jeffery,PHI,WR,3,NYG,15,9,7500,11.79
199,Tyreek Hill,KC,WR,16,MIA,18,7,7400,11.78
199,Michael Crabtree,OAK,WR,9,MIA,12,10,7100,11.78
201,DeAndre Hopkins,HOU,WR,11,ARI,25,25,7700,11.77
201,Josh Gordon,CLE,WR,15,BAL,5,4,7500,11.77
201,Dez Bryant,DAL,WR,10,ATL,17,9,7500,11.77
201,Dez Bryant,DAL,WR,12,LAC,13,19,7400,11.77
205,Larry Fitzgerald,ARI,WR,17,SEA,8,19,7500,11.76
205,Jarvis Landry,MIA,WR,12,NE,28,28,7100,11.76
207,DeAndre Hopkins,HOU,WR,8,SEA,3,4,8000,11.74
208,Stefon Diggs,MIN,WR,2,PIT,9,4,6500,11.71
209,Keenan Allen,LAC,WR,2,MIA,27,29,7100,11.68
210,Jordy Nelson,GB,WR,7,NO,23,26,7400,11.67
211,Adam Thielen,MIN,WR,17,CHI,7,16,7400,11.66
211,Alshon Jeffery,PHI,WR,4,LAC,19,24,7100,11.66
213,Golden Tate,DET,WR,11,CHI,9,11,7600,11.65
214,Marvin Jones,DET,WR,15,CHI,10,18,7200,11.63
214,Dez Bryant,DAL,WR,3,ARI,19,28,7800,11.63
216,Stefon Diggs,MIN,WR,13,ATL,11,5,7000,11.61
217,Doug Baldwin,SEA,WR,13,PHI,5,12,7700,11.59
218,T.Y. Hilton,IND,WR,5,SF,23,26,7300,11.58
218,Chris Hogan,NE,WR,7,ATL,17,11,7200,11.58
218,Tyreek Hill,KC,WR,15,LAC,3,7,7300,11.58
221,Doug Baldwin,SEA,WR,7,NYG,24,6,7400,11.56
222,Chris Hogan,NE,WR,6,NYJ,15,15,7500,11.55
223,Brandin Cooks,NE,WR,15,PIT,4,10,7400,11.54
224,Michael Crabtree,OAK,WR,15,DAL,20,27,7600,11.51
224,Jarvis Landry,MIA,WR,8,BAL,10,3,7400,11.51
224,Golden Tate,DET,WR,5,CAR,7,17,6700,11.51
227,Robby Anderson,NYJ,WR,13,KC,23,31,7200,11.49
228,Terrelle Pryor,WAS,WR,1,PHI,10,30,6200,11.47
228,Dez Bryant,DAL,WR,2,DEN,1,1,7600,11.47
228,Doug Baldwin,SEA,WR,16,DAL,19,27,7300,11.47
231,Josh Gordon,CLE,WR,16,CHI,8,18,7100,11.46
231,Alshon Jeffery,PHI,WR,1,WAS,23,13,7000,11.46
233,Dez Bryant,DAL,WR,16,SEA,12,21,7100,11.45
234,Marvin Jones,DET,WR,16,CIN,16,4,7300,11.44
235,Terrelle Pryor,WAS,WR,3,OAK,5,12,6900,11.43
236,Marvin Jones,DET,WR,17,GB,27,26,7300,11.42
237,Michael Crabtree,OAK,WR,14,KC,29,31,7100,11.4
238,Alshon Jeffery,PHI,WR,14,LAR,9,5,7400,11.39
238,Larry Fitzgerald,ARI,WR,3,DAL,12,16,6500,11.39
240,Brandin Cooks,NE,WR,6,NYJ,15,15,7900,11.38
240,JuJu Smith-Schuster,PIT,WR,16,HOU,31,29,7200,11.38
242,Emmanuel Sanders,DEN,WR,1,LAC,16,8,7700,11.37
242,Pierre Garcon,SF,WR,6,WAS,10,2,6800,11.37
244,Jordy Nelson,GB,WR,6,MIN,9,20,8100,11.36
245,Alshon Jeffery,PHI,WR,6,CAR,7,14,6800,11.35
245,Demaryius Thomas,DEN,WR,15,IND,30,30,6700,11.35
247,Demaryius Thomas,DEN,WR,13,MIA,28,17,6700,11.34
247,Keenan Allen,LAC,WR,5,NYG,24,5,7500,11.34
249,Mike Evans,TB,WR,15,ATL,13,9,7100,11.32
250,Golden Tate,DET,WR,9,GB,18,23,7300,11.31
251,Golden Tate,DET,WR,2,NYG,26,15,7400,11.3
252,Alshon Jeffery,PHI,WR,16,OAK,23,13,7700,11.29
252,T.Y. Hilton,IND,WR,3,CLE,16,10,6700,11.29
254,Alshon Jeffery,PHI,WR,12,CHI,12,14,7100,11.28
254,T.Y. Hilton,IND,WR,4,SEA,12,10,7000,11.28
256,Golden Tate,DET,WR,14,TB,30,32,6800,11.26
256,Jarvis Landry,MIA,WR,6,ATL,17,7,6500,11.26
258,Brandin Cooks,NE,WR,3,HOU,7,3,7500,11.23
258,Pierre Garcon,SF,WR,7,DAL,27,25,6700,11.23
260,Devante Parker,MIA,WR,5,TEN,31,31,6100,11.22
260,Stefon Diggs,MIN,WR,3,TB,4,26,6500,11.22
262,T.Y. Hilton,IND,WR,1,LAR,15,28,8000,11.2
262,Golden Tate,DET,WR,15,CHI,10,18,6800,11.2
264,Tyreek Hill,KC,WR,12,BUF,19,12,7300,11.19
264,Larry Fitzgerald,ARI,WR,12,JAX,1,1,7200,11.19
266,Demaryius Thomas,DEN,WR,12,OAK,29,20,6800,11.17
267,Devin Funchess,CAR,WR,16,TB,29,32,7000,11.16
267,Marvin Jones,DET,WR,10,CLE,21,15,6400,11.16
269,Alshon Jeffery,PHI,WR,15,NYG,32,24,7200,11.15
269,Josh Gordon,CLE,WR,14,GB,26,28,6700,11.15
269,Tyreek Hill,KC,WR,11,NYG,32,23,7600,11.15
269,Michael Crabtree,OAK,WR,11,NE,30,29,7500,11.15
273,T.Y. Hilton,IND,WR,7,JAX,2,2,7600,11.14
273,Jamison Crowder,WAS,WR,17,NYG,32,25,7000,11.14
273,Cooper Kupp,LAR,WR,13,ARI,19,24,6300,11.14
276,Brandin Cooks,NE,WR,16,BUF,13,5,7200,11.13
276,Robert Woods,LAR,WR,16,TEN,20,22,6600,11.13
276,Michael Crabtree,OAK,WR,8,BUF,10,14,7200,11.13
279,Marqise Lee,JAX,WR,15,HOU,29,25,6800,11.12
279,Dez Bryant,DAL,WR,14,NYG,32,23,7200,11.12
281,Kelvin Benjamin,CAR,WR,3,NO,32,32,6600,11.11
282,Davante Adams,GB,WR,3,CIN,6,2,6800,11.1
283,Amari Cooper,OAK,WR,9,MIA,12,10,6900,11.09
283,T.Y. Hilton,IND,WR,12,TEN,22,27,7500,11.09
285,Jamison Crowder,WAS,WR,12,NYG,32,21,6300,11.08
286,Pierre Garcon,SF,WR,5,IND,30,30,6700,11.07
286,Jarvis Landry,MIA,WR,7,NYJ,19,15,7000,11.07
288,Randall Cobb,GB,WR,5,DAL,26,22,6600,11.05
289,Dez Bryant,DAL,WR,13,WAS,21,8,7100,11.04
289,Demaryius Thomas,DEN,WR,10,NE,31,29,7000,11.04
289,Keenan Allen,LAC,WR,11,BUF,14,9,7100,11.04
289,Golden Tate,DET,WR,12,MIN,4,11,7300,11.04
293,Jarvis Landry,MIA,WR,9,OAK,23,16,7000,11.03
294,Davante Adams,GB,WR,2,ATL,29,19,6700,11.02
295,Sammy Watkins,LAR,WR,1,IND,26,12,6900,10.99
296,Stefon Diggs,MIN,WR,11,LAR,7,6,7500,10.97
296,Adam Thielen,MIN,WR,7,BAL,9,3,6900,10.97
296,Davante Adams,GB,WR,12,PIT,2,4,6600,10.97
299,Devin Funchess,CAR,WR,10,MIA,13,11,7400,10.96
299,Tyreek Hill,KC,WR,13,NYJ,16,22,6900,10.96
299,Michael Crabtree,OAK,WR,16,PHI,7,21,7400,10.96
299,Golden Tate,DET,WR,16,CIN,16,4,6900,10.96
303,Amari Cooper,OAK,WR,8,BUF,10,14,7200,10.95
303,Emmanuel Sanders,DEN,WR,2,DAL,14,11,6400,10.95
305,Marvin Jones,DET,WR,13,BAL,2,2,7100,10.94
305,Demaryius Thomas,DEN,WR,11,CIN,10,4,6700,10.94
307,Demaryius Thomas,DEN,WR,6,NYG,26,5,7600,10.92
307,Adam Thielen,MIN,WR,6,GB,13,21,6500,10.92
309,Brandin Cooks,NE,WR,8,LAC,12,23,7900,10.89
309,AJ Green,CIN,WR,9,JAX,1,1,8200,10.89
309,Jeremy Maclin,BAL,WR,2,CLE,31,25,6300,10.89
312,Sammy Watkins,LAR,WR,2,WAS,23,13,6700,10.88
312,Mike Wallace,BAL,WR,16,IND,30,31,5900,10.88
314,DeSean Jackson,TB,WR,6,ARI,22,27,6400,10.86
315,Davante Adams,GB,WR,6,MIN,9,20,7200,10.84
316,Devante Parker,MIA,WR,4,NO,31,25,6500,10.83
316,Tyreek Hill,KC,WR,6,PIT,1,1,7500,10.83
316,Amari Cooper,OAK,WR,4,DEN,11,14,7500,10.83
319,Davante Adams,GB,WR,5,DAL,26,22,6900,10.82
319,Ted Ginn,NO,WR,2,NE,2,9,6100,10.82
321,Devin Funchess,CAR,WR,12,NYJ,18,22,7300,10.81
322,Kelvin Benjamin,CAR,WR,6,PHI,16,29,6500,10.8
323,Marquise Goodwin,SF,WR,15,TEN,17,21,6600,10.78
323,Kelvin Benjamin,CAR,WR,8,TB,30,31,6600,10.78
325,Doug Baldwin,SEA,WR,17,ARI,12,18,7100,10.77
325,Allen Robinson,JAX,WR,1,HOU,3,5,6700,10.77
327,Robby Anderson,NYJ,WR,14,DEN,15,4,7700,10.76
327,Jarvis Landry,MIA,WR,11,TB,26,28,6800,10.76
329,Cooper Kupp,LAR,WR,15,SEA,8,23,6500,10.75
329,Tyreek Hill,KC,WR,7,OAK,18,7,7800,10.75
329,Pierre Garcon,SF,WR,1,CAR,25,21,6600,10.75
332,Kelvin Benjamin,CAR,WR,1,SF,32,26,6500,10.74
332,Randall Cobb,GB,WR,2,ATL,29,19,6300,10.74
334,Marquise Goodwin,SF,WR,17,LAR,10,9,6900,10.73
334,Demaryius Thomas,DEN,WR,16,WAS,24,11,6500,10.73
334,Golden Tate,DET,WR,1,ARI,7,22,6900,10.73
337,Tyreek Hill,KC,WR,8,DEN,6,7,7600,10.71
338,Robert Woods,LAR,WR,15,SEA,8,23,6700,10.7
339,Doug Baldwin,SEA,WR,14,JAX,1,1,7400,10.69
340,Alshon Jeffery,PHI,WR,11,DAL,17,24,7000,10.65
340,Devin Funchess,CAR,WR,6,PHI,16,29,6700,10.65
342,Robert Woods,LAR,WR,11,MIN,6,12,6900,10.63
342,Adam Thielen,MIN,WR,10,WAS,19,6,7000,10.63
344,Jamison Crowder,WAS,WR,15,ARI,16,20,6800,10.62
345,Stefon Diggs,MIN,WR,10,WAS,19,6,7000,10.61
345,Randall Cobb,GB,WR,6,MIN,9,20,6200,10.61
347,Brandin Cooks,NE,WR,17,NYJ,26,21,7400,10.6
347,Jarvis Landry,MIA,WR,13,DEN,15,4,6900,10.6
349,Stefon Diggs,MIN,WR,8,CLE,16,12,7000,10.56
349,Brandon Marshall,NYG,WR,1,DAL,14,11,6800,10.56
351,Stefon Diggs,MIN,WR,12,DET,14,16,7500,10.55
352,Alshon Jeffery,PHI,WR,2,KC,11,15,6900,10.54
353,Davante Adams,GB,WR,4,CHI,12,14,7100,10.53
353,Sterling Shepard,NYG,WR,10,SF,30,21,5700,10.53
353,Jamison Crowder,WAS,WR,14,LAC,7,10,6800,10.53
356,Chris Hogan,NE,WR,2,NO,30,23,6200,10.51
356,Adam Thielen,MIN,WR,8,CLE,16,12,6700,10.51
358,Marvin Jones,DET,WR,12,MIN,4,11,7000,10.5
359,Devante Parker,MIA,WR,11,TB,26,28,6200,10.48
359,Amari Cooper,OAK,WR,11,NE,30,29,7300,10.48
359,Tyreek Hill,KC,WR,1,NE,2,9,6700,10.48
362,Josh Gordon,CLE,WR,17,PIT,5,12,6700,10.47
362,Demaryius Thomas,DEN,WR,8,KC,29,32,6900,10.47
364,Golden Tate,DET,WR,13,BAL,2,2,6900,10.46
365,Larry Fitzgerald,ARI,WR,6,TB,28,32,6600,10.45
366,Jarvis Landry,MIA,WR,10,CAR,3,10,7200,10.44
366,Golden Tate,DET,WR,17,GB,27,26,7100,10.44
368,Devante Parker,MIA,WR,3,NYJ,30,30,6500,10.43
369,Demaryius Thomas,DEN,WR,14,NYJ,25,25,6300,10.42
370,JuJu Smith-Schuster,PIT,WR,17,CLE,24,13,7300,10.4
370,Demaryius Thomas,DEN,WR,17,KC,22,31,6800,10.4
372,T.Y. Hilton,IND,WR,2,ARI,7,22,7200,10.39
373,Emmanuel Sanders,DEN,WR,6,NYG,26,5,7500,10.38
373,Keenan Allen,LAC,WR,1,DEN,1,1,8100,10.38
375,Rishard Matthews,TEN,WR,5,MIA,19,18,5600,10.37
376,Sterling Shepard,NYG,WR,16,ARI,15,17,6700,10.36
377,Sammy Watkins,LAR,WR,4,DAL,15,20,7200,10.35
377,Pierre Garcon,SF,WR,2,SEA,4,17,6500,10.35
379,Keenan Allen,LAC,WR,10,JAX,1,1,7300,10.31
380,Chris Hogan,NE,WR,4,CAR,3,8,6900,10.3
381,Alshon Jeffery,PHI,WR,8,SF,29,22,6600,10.29
382,Dede Westbrook,JAX,WR,15,HOU,29,25,5700,10.26
383,T.Y. Hilton,IND,WR,17,HOU,31,30,6700,10.25
383,Mohamed Sanu,ATL,WR,15,TB,29,32,6300,10.25
385,Chris Hogan,NE,WR,8,LAC,12,23,7400,10.24
386,Kelvin Benjamin,CAR,WR,2,BUF,17,10,6600,10.22
386,Alshon Jeffery,PHI,WR,7,WAS,15,4,6600,10.22
388,Dez Bryant,DAL,WR,17,PHI,6,20,7000,10.2
388,Alshon Jeffery,PHI,WR,5,ARI,13,27,7100,10.2
388,Devin Funchess,CAR,WR,14,MIN,3,14,7100,10.2
391,Martavis Bryant,PIT,WR,1,CLE,31,25,6500,10.19
392,Devin Funchess,CAR,WR,17,ATL,15,13,6800,10.18
392,Brandin Cooks,NE,WR,10,DEN,15,4,8100,10.18
392,Pierre Garcon,SF,WR,3,LAR,10,4,6400,10.18
395,Emmanuel Sanders,DEN,WR,11,CIN,10,4,6300,10.17
395,Emmanuel Sanders,DEN,WR,12,OAK,29,20,6300,10.17
397,JJ Nelson,ARI,WR,2,IND,26,12,5300,10.16
397,T.Y. Hilton,IND,WR,14,BUF,14,7,6900,10.16
397,Jamison Crowder,WAS,WR,1,PHI,10,30,6500,10.16
400,Sterling Shepard,NYG,WR,13,OAK,26,21,6700,10.15
401,Stefon Diggs,MIN,WR,16,GB,28,27,7400,10.14
402,Marquise Goodwin,SF,WR,16,JAX,1,1,6800,10.13
403,Demaryius Thomas,DEN,WR,9,PHI,15,19,6700,10.12
403,Keenan Allen,LAC,WR,7,DEN,7,8,7000,10.12
405,Rishard Matthews,TEN,WR,7,CLE,21,17,5500,10.1
406,Larry Fitzgerald,ARI,WR,9,SF,30,22,7000,10.08
407,Davante Adams,GB,WR,1,SEA,4,17,6800,10.07
407,Ted Ginn,NO,WR,1,MIN,5,3,7000,10.07
407,Marqise Lee,JAX,WR,4,NYJ,27,28,6200,10.07
410,Cooper Kupp,LAR,WR,16,TEN,20,22,6400,10.06
410,Jordy Nelson,GB,WR,15,CAR,9,21,7200,10.06
412,T.Y. Hilton,IND,WR,9,HOU,24,25,6600,10.05
413,Amari Cooper,OAK,WR,5,BAL,12,4,6800,10.02
414,Stefon Diggs,MIN,WR,17,CHI,7,16,7600,10.01
415,Larry Fitzgerald,ARI,WR,10,SEA,6,18,6500,10
416,Stefon Diggs,MIN,WR,15,CIN,15,5,6800,9.98
417,JuJu Smith-Schuster,PIT,WR,11,TEN,16,25,6700,9.95
417,Rishard Matthews,TEN,WR,4,HOU,25,23,6000,9.95
419,Terrelle Pryor,WAS,WR,6,SF,27,24,6800,9.93
419,Michael Crabtree,OAK,WR,12,DEN,14,3,6900,9.93
421,Emmanuel Sanders,DEN,WR,13,MIA,28,17,6500,9.92
421,Mohamed Sanu,ATL,WR,16,NO,11,15,5900,9.92
423,Marqise Lee,JAX,WR,13,IND,29,28,6000,9.91
424,Cooper Kupp,LAR,WR,12,NO,11,9,5400,9.9
425,Stefon Diggs,MIN,WR,14,CAR,8,21,6800,9.88
426,Rishard Matthews,TEN,WR,6,IND,31,31,5600,9.85
426,Michael Crabtree,OAK,WR,5,BAL,12,4,6900,9.85
428,Marquise Goodwin,SF,WR,14,HOU,27,25,5700,9.84
429,Tyrell Williams,LAC,WR,6,OAK,16,12,6200,9.83
429,Robby Anderson,NYJ,WR,10,TB,28,29,6500,9.83
429,DeSean Jackson,TB,WR,8,CAR,6,8,6100,9.83
429,Davante Adams,GB,WR,7,NO,23,26,6900,9.83
429,Marqise Lee,JAX,WR,14,SEA,6,20,6600,9.83
434,Mohamed Sanu,ATL,WR,10,DAL,18,25,5900,9.82
434,Devin Funchess,CAR,WR,8,TB,30,31,6500,9.82
436,Robby Anderson,NYJ,WR,12,CAR,4,11,6700,9.81
437,Jamison Crowder,WAS,WR,11,NO,5,8,5400,9.8
437,Sterling Shepard,NYG,WR,14,DAL,24,29,6400,9.8
439,Adam Thielen,MIN,WR,5,CHI,20,22,6600,9.78
440,Sterling Shepard,NYG,WR,2,DET,9,21,6000,9.77
441,Devin Funchess,CAR,WR,5,DET,5,14,6300,9.76
441,Jordy Nelson,GB,WR,9,DET,17,24,6900,9.76
443,T.Y. Hilton,IND,WR,10,PIT,2,2,7500,9.75
443,Davante Adams,GB,WR,10,CHI,7,11,6000,9.75
445,JuJu Smith-Schuster,PIT,WR,15,NE,21,27,6700,9.73
446,Martavis Bryant,PIT,WR,3,CHI,24,16,6500,9.72
446,Randall Cobb,GB,WR,4,CHI,12,14,6500,9.72
446,Devin Funchess,CAR,WR,7,CHI,13,12,6700,9.72
449,Marvin Jones,DET,WR,11,CHI,9,11,6700,9.71
450,Keelan Cole,JAX,WR,17,TEN,25,25,5900,9.7
451,Jamison Crowder,WAS,WR,2,LAR,15,28,6200,9.68
452,Cooper Kupp,LAR,WR,14,PHI,5,11,6400,9.67
453,Ted Ginn,NO,WR,10,BUF,10,8,5900,9.65
453,Martavis Bryant,PIT,WR,16,HOU,31,29,7500,9.65
455,Sammy Watkins,LAR,WR,3,SF,11,19,6900,9.64
455,JuJu Smith-Schuster,PIT,WR,13,CIN,10,3,6700,9.64
455,Mike Wallace,BAL,WR,1,CIN,12,2,5700,9.64
458,Robby Anderson,NYJ,WR,15,NO,12,17,7800,9.63
459,Mohamed Sanu,ATL,WR,14,NO,12,16,5800,9.62
459,Adam Thielen,MIN,WR,2,PIT,9,4,5800,9.62
461,DeSean Jackson,TB,WR,9,NO,14,17,6200,9.61
462,T.Y. Hilton,IND,WR,16,BAL,3,3,6200,9.59
462,Marqise Lee,JAX,WR,11,CLE,21,14,6500,9.59
464,DeSean Jackson,TB,WR,11,MIA,20,16,6400,9.58
464,Devante Parker,MIA,WR,12,NE,28,28,6400,9.58
464,Mike Wallace,BAL,WR,2,CLE,31,25,5500,9.58
467,Chris Hogan,NE,WR,14,MIA,21,12,7000,9.57
467,Kelvin Benjamin,CAR,WR,7,CHI,13,12,6800,9.57
467,Jordy Nelson,GB,WR,10,CHI,7,11,6400,9.57
467,Marqise Lee,JAX,WR,2,TEN,19,31,5900,9.57
471,Dede Westbrook,JAX,WR,16,SF,28,19,5900,9.56
471,Pierre Garcon,SF,WR,8,PHI,20,26,6700,9.56
473,Ted Ginn,NO,WR,13,CAR,6,20,5500,9.55
474,Devante Parker,MIA,WR,2,LAC,16,8,6400,9.54
475,Kelvin Benjamin,CAR,WR,4,NE,32,26,6300,9.53
476,Marvin Jones,DET,WR,9,GB,18,23,6000,9.52
477,Chris Hogan,NE,WR,1,KC,11,15,6000,9.51
477,Marvin Jones,DET,WR,6,NO,24,22,5900,9.51
477,Robby Anderson,NYJ,WR,16,LAC,4,9,7200,9.51
477,Rishard Matthews,TEN,WR,16,LAR,9,6,5700,9.51
481,Kelvin Benjamin,CAR,WR,5,DET,5,14,6400,9.5
481,Davante Adams,GB,WR,9,DET,17,24,6500,9.5
483,Rishard Matthews,TEN,WR,3,SEA,9,12,6200,9.49
483,DeSean Jackson,TB,WR,7,BUF,4,10,6200,9.49
483,Pierre Garcon,SF,WR,4,ARI,18,30,6600,9.49
486,Martavis Bryant,PIT,WR,2,MIN,5,3,6200,9.46
486,Davante Adams,GB,WR,11,BAL,4,2,6700,9.46
486,Robert Woods,LAR,WR,10,HOU,24,26,6200,9.46
489,Jamison Crowder,WAS,WR,16,DEN,6,2,6900,9.44
490,Devante Parker,MIA,WR,9,OAK,23,16,6100,9.43
490,Paul Richardson,SEA,WR,13,PHI,5,12,6000,9.43
490,Terrelle Pryor,WAS,WR,4,KC,15,25,6800,9.43
493,Kelvin Benjamin,BUF,WR,17,MIA,23,6,6400,9.41
494,Devante Parker,MIA,WR,10,CAR,3,10,6400,9.4
494,Ted Ginn,NO,WR,8,CHI,9,11,5900,9.4
496,Robby Anderson,NYJ,WR,17,NE,23,28,6900,9.39
497,JJ Nelson,ARI,WR,3,DAL,12,16,5700,9.37
498,Devin Funchess,CAR,WR,9,ATL,18,12,6100,9.35
498,Sterling Shepard,NYG,WR,15,PHI,3,13,6300,9.35
500,Dede Westbrook,JAX,WR,17,TEN,25,25,6000,9.33
501,DeSean Jackson,TB,WR,14,DET,19,15,6500,9.32
502,Adam Thielen,MIN,WR,1,NO,30,23,6800,9.3
503,Jeremy Maclin,BAL,WR,3,JAX,10,6,6700,9.29
504,DeSean Jackson,TB,WR,13,GB,22,30,6200,9.27
505,DeSean Jackson,TB,WR,5,NE,32,29,6500,9.26
506,T.Y. Hilton,IND,WR,15,DEN,10,2,6100,9.24
506,Mohamed Sanu,ATL,WR,3,DET,8,11,5400,9.24
508,DeSean Jackson,TB,WR,2,CHI,20,27,6700,9.22
508,Josh Doctson,WAS,WR,13,DAL,27,29,5700,9.22
508,Kenny Stills,MIA,WR,14,NE,18,27,5700,9.22
508,Jordan Matthews,BUF,WR,1,NYJ,21,16,6300,9.22
508,Sammy Watkins,LAR,WR,5,SEA,8,8,6600,9.22
513,Rishard Matthews,TEN,WR,10,CIN,8,7,5900,9.21
514,Nelson Agholor,PHI,WR,16,OAK,23,13,6500,9.2
515,Corey Davis,TEN,WR,11,PIT,2,4,5600,9.19
516,Eric Decker,TEN,WR,2,JAX,13,6,6100,9.18
516,Adam Thielen,MIN,WR,3,TB,4,26,6000,9.18
516,Jamison Crowder,WAS,WR,3,OAK,5,12,5700,9.18
516,Michael Crabtree,OAK,WR,17,LAC,4,7,7000,9.18
520,Tyrell Williams,LAC,WR,4,PHI,17,22,6200,9.17
520,Adam Thielen,MIN,WR,4,DET,9,17,6400,9.17
522,Terrelle Pryor,WAS,WR,7,PHI,17,27,6200,9.16
522,Jeremy Maclin,BAL,WR,12,HOU,28,30,6200,9.16
524,Jermaine Kearse,NYJ,WR,3,MIA,21,13,5800,9.15
525,Eric Decker,TEN,WR,7,CLE,21,17,5100,9.14
525,DeSean Jackson,TB,WR,15,ATL,13,9,6500,9.14
527,Jermaine Kearse,NYJ,WR,14,DEN,15,4,6300,9.13
527,Jarvis Landry,MIA,WR,2,LAC,16,8,6500,9.13
529,Sammy Watkins,LAR,WR,14,PHI,5,11,6300,9.12
529,Jeremy Maclin,BAL,WR,4,PIT,4,1,6400,9.12
531,Sterling Shepard,NYG,WR,9,LAR,11,7,5900,9.11
531,Golden Tate,DET,WR,8,PIT,1,1,7400,9.11
533,Tyrell Williams,LAC,WR,5,NYG,24,5,6500,9.1
533,Willie Snead,NO,WR,6,DET,12,19,5600,9.1
533,Randall Cobb,GB,WR,1,SEA,4,17,5900,9.1
536,Josh Doctson,WAS,WR,12,NYG,32,21,6600,9.09
537,Jordan Matthews,BUF,WR,4,ATL,23,12,6300,9.08
538,Paul Richardson,SEA,WR,9,WAS,19,5,5800,9.07
538,Robby Anderson,NYJ,WR,9,BUF,8,10,6400,9.07
540,Chris Hogan,NE,WR,3,HOU,7,3,6400,9.06
541,Eric Decker,TEN,WR,1,OAK,22,14,6500,9.05
541,Corey Davis,TEN,WR,13,HOU,27,26,5900,9.05
543,Eric Decker,TEN,WR,3,SEA,9,12,5900,9.02
543,JuJu Smith-Schuster,PIT,WR,10,IND,29,31,6500,9.02
543,Randall Cobb,GB,WR,7,NO,23,26,5800,9.02
546,Mohamed Sanu,ATL,WR,13,MIN,5,16,6100,9.01
546,Jeremy Maclin,BAL,WR,1,CIN,12,2,6100,9.01
548,T.Y. Hilton,IND,WR,8,CIN,7,9,7200,9
548,Nelson Agholor,PHI,WR,8,SF,29,22,6000,9
548,Rishard Matthews,TEN,WR,11,PIT,2,4,6000,9
548,Allen Hurns,JAX,WR,3,BAL,2,4,6200,9
552,Kenny Stills,MIA,WR,12,NE,28,28,5600,8.99
553,Rishard Matthews,TEN,WR,9,BAL,5,2,5500,8.98
554,Rishard Matthews,TEN,WR,17,JAX,2,1,5500,8.97
554,Marqise Lee,JAX,WR,3,BAL,2,4,6000,8.97
556,Kenny Stills,MIA,WR,8,BAL,10,3,5400,8.95
556,Kelvin Benjamin,BUF,WR,11,LAC,13,20,6100,8.95
558,Jermaine Kearse,NYJ,WR,5,CLE,27,12,5600,8.94
558,Danny Amendola,NE,WR,6,NYJ,15,15,6100,8.94
560,Allen Hurns,JAX,WR,4,NYJ,27,28,6400,8.93
560,Mohamed Sanu,ATL,WR,12,TB,26,31,5800,8.93
562,John Brown,ARI,WR,1,DET,24,24,5700,8.92
563,Ted Ginn,NO,WR,7,GB,14,19,5500,8.9
563,Mike Wallace,BAL,WR,17,CIN,16,3,5600,8.9
563,Allen Hurns,JAX,WR,2,TEN,19,31,5600,8.9
566,Corey Coleman,CLE,WR,2,BAL,8,20,6000,8.88
567,Paul Richardson,SEA,WR,15,LAR,14,8,5700,8.87
567,Corey Davis,TEN,WR,12,IND,30,30,5400,8.87
567,Rishard Matthews,TEN,WR,14,ARI,20,22,6000,8.87
567,Emmanuel Sanders,DEN,WR,14,NYJ,25,25,6100,8.87
567,Jeremy Maclin,BAL,WR,11,GB,19,26,6000,8.87
567,Mohamed Sanu,ATL,WR,17,CAR,14,28,5600,8.87
573,Danny Amendola,NE,WR,7,ATL,17,11,6200,8.86
574,Sterling Shepard,NYG,WR,4,TB,29,32,6100,8.85
575,Rishard Matthews,TEN,WR,15,SF,27,19,5800,8.83
575,DeSean Jackson,TB,WR,10,NYJ,23,24,6300,8.83
577,Cooper Kupp,LAR,WR,11,MIN,6,12,5600,8.82
578,Tyrell Williams,LAC,WR,3,KC,28,28,6500,8.81
579,Kenny Stills,MIA,WR,15,BUF,13,3,5800,8.8
580,Jeremy Maclin,BAL,WR,5,OAK,17,7,6500,8.79
581,Amari Cooper,OAK,WR,12,DEN,14,3,7000,8.77
581,Mohamed Sanu,ATL,WR,4,BUF,1,6,5600,8.77
583,Ted Ginn,NO,WR,9,TB,28,29,5700,8.75
584,Amari Cooper,OAK,WR,6,LAC,23,23,6400,8.73
585,DeSean Jackson,TB,WR,4,NYG,12,4,6700,8.72
585,Jermaine Kearse,NYJ,WR,4,JAX,2,2,5600,8.72
585,Danny Amendola,NE,WR,5,TB,29,32,6000,8.72
585,Randall Cobb,GB,WR,17,DET,19,15,5500,8.72
589,Will Fuller,HOU,WR,17,IND,30,29,5100,8.71
590,Marvin Jones,DET,WR,8,PIT,1,1,6100,8.7
591,Tyler Lockett,SEA,WR,9,WAS,19,5,5500,8.69
592,Martavis Bryant,PIT,WR,4,BAL,7,5,6100,8.67
592,Rishard Matthews,TEN,WR,1,OAK,22,14,6100,8.67
592,Robert Woods,LAR,WR,9,NYG,27,15,5700,8.67
595,Tyler Lockett,SEA,WR,2,SF,32,26,5700,8.66
596,Tyrell Williams,LAC,WR,2,MIA,27,29,6300,8.65
596,Mike Wallace,BAL,WR,6,CHI,18,18,5300,8.65
598,Cooper Kupp,LAR,WR,10,HOU,24,26,5900,8.64
599,John Brown,ARI,WR,7,LAR,20,7,5900,8.63
599,Brandon Marshall,NYG,WR,2,DET,9,21,7000,8.63
599,Emmanuel Sanders,DEN,WR,10,NE,31,29,6600,8.63
599,Cooper Kupp,LAR,WR,3,SF,11,19,5700,8.63
599,Sterling Shepard,NYG,WR,5,LAC,25,21,6000,8.63
604,Amari Cooper,OAK,WR,7,KC,23,31,6200,8.62
604,Paul Richardson,SEA,WR,12,SF,32,21,5800,8.62
604,Corey Coleman,CLE,WR,15,BAL,5,4,5900,8.62
604,Randall Cobb,GB,WR,16,MIN,2,10,6100,8.62
608,Mohamed Sanu,ATL,WR,9,CAR,3,8,5800,8.61
609,Sammy Watkins,LAR,WR,13,ARI,19,24,6400,8.6
610,Kenny Britt,CLE,WR,1,PIT,9,4,6000,8.59
611,Josh Doctson,WAS,WR,17,NYG,32,25,5800,8.58
611,Zay Jones,BUF,WR,1,NYJ,21,16,5100,8.58
613,Corey Davis,TEN,WR,2,JAX,13,6,5700,8.57
613,Jermaine Kearse,NYJ,WR,6,NE,32,28,6100,8.57
615,Paul Richardson,SEA,WR,11,ATL,10,6,5900,8.55
615,Allen Hurns,JAX,WR,7,IND,31,30,5800,8.55
617,Tyler Lockett,SEA,WR,4,IND,29,28,5700,8.54
617,Robert Woods,LAR,WR,7,ARI,26,29,5500,8.54
619,Ted Ginn,NO,WR,14,ATL,11,4,5600,8.53
619,John Brown,ARI,WR,6,TB,28,32,6300,8.53
621,Will Fuller,HOU,WR,6,CLE,21,13,6000,8.52
621,Mike Wallace,BAL,WR,15,CLE,25,15,5700,8.52
623,Randall Cobb,GB,WR,15,CAR,9,21,5700,8.5
624,Devante Parker,MIA,WR,13,DEN,15,4,6100,8.48
624,Mohamed Sanu,ATL,WR,2,GB,28,32,5300,8.48
624,Kevin White,CHI,WR,1,ATL,29,19,5600,8.48
627,Mike Wallace,BAL,WR,14,PIT,3,9,6000,8.47
627,Marqise Lee,JAX,WR,5,PIT,1,2,5800,8.47
629,Sammy Watkins,LAR,WR,15,SEA,8,23,6400,8.45
630,Paul Richardson,SEA,WR,16,DAL,19,27,5800,8.44
630,Dede Westbrook,JAX,WR,14,SEA,6,20,5200,8.44
632,Sammy Watkins,LAR,WR,16,TEN,20,22,6200,8.43
632,Rishard Matthews,TEN,WR,2,JAX,13,6,6300,8.43
634,Donte Moncrief,IND,WR,1,LAR,15,28,5900,8.41
634,Sterling Shepard,NYG,WR,1,DAL,14,11,5800,8.41
636,Emmanuel Sanders,DEN,WR,9,PHI,15,19,6500,8.4
636,Cole Beasley,DAL,WR,1,NYG,6,7,5600,8.4
638,Ted Ginn,NO,WR,12,LAR,8,7,5700,8.39
639,Will Fuller,HOU,WR,9,IND,32,31,7800,8.38
640,Mohamed Sanu,ATL,WR,7,NE,32,28,5500,8.37
641,Cooper Kupp,LAR,WR,7,ARI,26,29,5800,8.36
641,Dontrelle Inman,CHI,WR,13,SF,31,19,4900,8.36
643,Martavis Bryant,PIT,WR,17,CLE,24,13,7400,8.34
643,Randall Cobb,GB,WR,13,TB,30,32,5200,8.34
643,Jordan Matthews,BUF,WR,2,CAR,25,21,6400,8.34
643,Marqise Lee,JAX,WR,12,ARI,24,25,6300,8.34
647,Keelan Cole,JAX,WR,16,SF,28,19,5300,8.33
647,Allen Hurns,JAX,WR,5,PIT,1,2,6000,8.33
647,Tyler Lockett,SEA,WR,10,ARI,26,28,5600,8.33
647,Danny Amendola,NE,WR,16,BUF,13,5,5300,8.33
651,Sammy Watkins,LAR,WR,12,NO,11,9,5900,8.32
651,Kenny Stills,MIA,WR,16,KC,21,29,5600,8.32
651,Mohamed Sanu,ATL,WR,8,NYJ,25,25,5600,8.32
651,Mohamed Sanu,ATL,WR,11,SEA,6,17,5700,8.32
655,Cooper Kupp,LAR,WR,5,SEA,8,8,5700,8.3
655,Danny Amendola,NE,WR,12,MIA,21,19,5700,8.3
657,Donte Moncrief,IND,WR,5,SF,23,26,5100,8.29
657,Jeremy Maclin,BAL,WR,13,DET,17,13,6000,8.29
659,Nelson Agholor,PHI,WR,7,WAS,15,4,5900,8.27
659,Devin Funchess,CAR,WR,4,NE,32,26,5400,8.27
659,Martavis Bryant,PIT,WR,14,BAL,2,2,5800,8.27
659,Ted Ginn,NO,WR,3,CAR,1,1,5800,8.27
663,Dede Westbrook,JAX,WR,13,IND,29,28,4700,8.26
664,Cooper Kupp,LAR,WR,6,JAX,3,3,5900,8.25
665,Eric Decker,TEN,WR,4,HOU,25,23,5600,8.24
666,Ted Ginn,NO,WR,11,WAS,23,13,5600,8.23
667,DeSean Jackson,TB,WR,12,ATL,13,6,6500,8.22
667,Kelvin Benjamin,BUF,WR,14,IND,31,30,5900,8.22
669,Tyler Lockett,SEA,WR,3,TEN,18,25,5800,8.21
670,Jaron Brown,ARI,WR,3,DAL,12,16,4500,8.2
670,Devante Parker,MIA,WR,17,BUF,17,5,5900,8.2
672,Amari Cooper,OAK,WR,17,LAC,4,7,6600,8.18
672,Marqise Lee,JAX,WR,10,LAC,13,18,6000,8.18
674,Robby Anderson,NYJ,WR,5,CLE,27,12,5400,8.17
674,Jordy Nelson,GB,WR,11,BAL,4,2,6400,8.17
674,Danny Amendola,NE,WR,14,MIA,21,12,5400,8.17
677,Marvin Jones,DET,WR,5,CAR,7,17,5500,8.16
677,Corey Coleman,CLE,WR,12,CIN,10,4,5800,8.16
679,Martavis Bryant,PIT,WR,7,CIN,3,5,5400,8.15
679,Kenny Stills,MIA,WR,13,DEN,15,4,5400,8.15
679,Robby Anderson,NYJ,WR,2,OAK,22,14,5100,8.15
682,Cooper Kupp,LAR,WR,9,NYG,27,15,6000,8.13
683,Kenny Stills,MIA,WR,9,OAK,23,16,5500,8.11
683,Marvin Jones,DET,WR,3,ATL,25,15,5900,8.11
683,Brandon Marshall,NYG,WR,5,LAC,25,21,5800,8.11
683,Jeremy Maclin,BAL,WR,9,TEN,21,21,6300,8.11
687,DeSean Jackson,TB,WR,3,MIN,27,24,6400,8.1
688,Jamison Crowder,WAS,WR,6,SF,27,24,5400,8.09
688,Cole Beasley,DAL,WR,3,ARI,19,28,5300,8.09
690,Tyrell Williams,LAC,WR,17,OAK,20,11,5200,8.08
691,Kenny Stills,MIA,WR,17,BUF,17,5,5500,8.07
692,Jeremy Maclin,BAL,WR,8,MIA,13,16,6000,8.06
692,Marqise Lee,JAX,WR,7,IND,31,30,5600,8.06
694,Martavis Bryant,PIT,WR,12,GB,16,26,5200,8.03
695,Marvin Jones,DET,WR,4,MIN,21,31,5700,8.02
695,Martavis Bryant,PIT,WR,5,JAX,4,1,5700,8.02
697,JJ Nelson,ARI,WR,6,TB,28,32,5200,8.01
697,Jaron Brown,ARI,WR,6,TB,28,32,5600,8.01
697,Robby Anderson,NYJ,WR,7,MIA,8,14,5800,8.01
700,Ted Ginn,NO,WR,6,DET,12,19,5100,7.99
700,Ricardo Louis,CLE,WR,6,HOU,19,16,4500,7.99
702,Ted Ginn,NO,WR,16,ATL,14,12,5500,7.98
702,Kenny Golladay,DET,WR,2,NYG,26,15,5700,7.98
704,Taylor Gabriel,ATL,WR,6,MIA,6,10,5800,7.97
705,Martavis Bryant,PIT,WR,6,KC,25,31,5500,7.95
705,Jamison Crowder,WAS,WR,4,KC,15,25,6100,7.95
707,Marquise Goodwin,SF,WR,13,CHI,13,18,5300,7.94
708,Nelson Agholor,PHI,WR,11,DAL,17,24,6000,7.93
709,Nelson Agholor,PHI,WR,12,CHI,12,14,5900,7.9
709,Taylor Gabriel,ATL,WR,7,NE,32,28,6500,7.9
711,Corey Davis,TEN,WR,10,CIN,8,7,5800,7.89
712,Kenny Stills,MIA,WR,6,ATL,17,7,4800,7.88
712,Tyrell Williams,LAC,WR,8,NE,31,28,6200,7.88
714,Paul Richardson,SEA,WR,4,IND,29,28,5000,7.87
714,Kendall Wright,CHI,WR,1,ATL,29,19,5200,7.87
716,Will Fuller,HOU,WR,14,SF,28,17,5400,7.86
716,Ted Ginn,NO,WR,4,MIA,14,16,6000,7.86
716,Tyler Lockett,SEA,WR,5,LAR,28,13,5600,7.86
719,Nelson Agholor,PHI,WR,15,NYG,32,24,6000,7.85
720,Paul Richardson,SEA,WR,17,ARI,12,18,5700,7.83
720,Marvin Jones,DET,WR,2,NYG,26,15,5800,7.83
720,Jermaine Kearse,NYJ,WR,2,OAK,22,14,5400,7.83
720,Randall Cobb,GB,WR,10,CHI,7,11,5300,7.83
724,Brandon LaFell,CIN,WR,3,GB,12,17,4600,7.81
725,Robby Anderson,NYJ,WR,6,NE,32,28,5600,7.8
725,Will Fuller,HOU,WR,10,LAR,11,5,6600,7.8
725,Ricardo Louis,CLE,WR,7,TEN,25,23,4500,7.8
728,John Brown,ARI,WR,5,PHI,21,29,6200,7.79
728,Zay Jones,BUF,WR,13,NE,25,27,4500,7.79
730,Chris Godwin,TB,WR,16,CAR,10,24,4500,7.78
730,Seth Roberts,OAK,WR,13,NYG,32,23,4900,7.78
730,Corey Coleman,CLE,WR,14,GB,26,28,5700,7.78
733,Paul Richardson,SEA,WR,2,SF,32,26,5200,7.77
734,Sammy Watkins,LAR,WR,6,JAX,3,3,6700,7.76
734,Alshon Jeffery,PHI,WR,9,DEN,6,4,6700,7.76
734,Mohamed Sanu,ATL,WR,1,CHI,20,27,4800,7.76
737,Will Fuller,HOU,WR,8,SEA,3,4,6500,7.74
737,Kelvin Benjamin,BUF,WR,16,NE,23,31,6300,7.74
737,Marvin Jones,DET,WR,1,ARI,7,22,6100,7.74
737,Jamison Crowder,WAS,WR,10,MIN,3,12,5500,7.74
741,Tyler Lockett,SEA,WR,1,GB,28,32,5900,7.73
741,Jordan Matthews,BUF,WR,7,TB,30,32,5900,7.73
741,Jermaine Kearse,NYJ,WR,13,KC,23,31,5800,7.73
744,Dontrelle Inman,CHI,WR,14,CIN,10,3,5200,7.72
745,Donte Moncrief,IND,WR,3,CLE,16,10,5400,7.71
746,Donte Moncrief,IND,WR,2,ARI,7,22,5600,7.7
747,Tyrell Williams,LAC,WR,16,NYJ,27,23,5400,7.69
747,Will Fuller,HOU,WR,5,KC,15,22,5700,7.69
747,Zay Jones,BUF,WR,2,CAR,25,21,4900,7.69
750,Jeremy Maclin,BAL,WR,15,CLE,25,15,5900,7.68
751,Nelson Agholor,PHI,WR,14,LAR,9,5,6200,7.67
752,Ted Ginn,NO,WR,17,TB,28,32,5800,7.66
752,Martavis Bryant,PIT,WR,15,NE,21,27,5900,7.66
752,Roger Lewis,NYG,WR,17,WAS,21,11,5100,7.66
755,Kelvin Benjamin,BUF,WR,10,NO,9,14,6700,7.64
755,Robby Anderson,NYJ,WR,1,BUF,17,10,5200,7.64
755,Jamison Crowder,WAS,WR,7,PHI,17,27,5200,7.64
758,Kenny Stills,MIA,WR,11,TB,26,28,5100,7.63
758,Brandon LaFell,CIN,WR,12,CLE,17,10,5400,7.63
760,Kenny Stills,MIA,WR,10,CAR,3,10,5400,7.62
761,Brandon LaFell,CIN,WR,14,CHI,13,19,5300,7.61
761,Kendall Wright,CHI,WR,16,CLE,26,14,5100,7.61
761,Sterling Shepard,NYG,WR,3,PHI,13,8,6100,7.61
764,T.Y. Hilton,IND,WR,13,JAX,1,1,7000,7.6
765,Mike Wallace,BAL,WR,13,DET,17,13,5800,7.59
765,Tyler Lockett,SEA,WR,8,HOU,14,15,5200,7.59
767,Paul Richardson,SEA,WR,8,HOU,14,15,4700,7.58
767,Travis Rudolph,NYG,WR,6,DEN,7,18,4500,7.58
767,Cooper Kupp,LAR,WR,2,WAS,23,13,5400,7.58
770,Mike Wallace,BAL,WR,12,HOU,28,30,5600,7.57
770,Josh Doctson,WAS,WR,14,LAC,7,10,5600,7.57
770,Jaron Brown,ARI,WR,5,PHI,21,29,4500,7.57
770,Jeremy Maclin,BAL,WR,14,PIT,3,9,5900,7.57
774,Sammy Watkins,LAR,WR,9,NYG,27,15,6000,7.56
775,Nelson Agholor,PHI,WR,13,SEA,6,17,6300,7.55
776,Paul Richardson,SEA,WR,5,LAR,28,13,5100,7.54
776,Jermaine Kearse,NYJ,WR,7,MIA,8,14,6300,7.54
776,Rashard Higgins,CLE,WR,3,IND,29,31,5100,7.54
779,Kendall Wright,CHI,WR,2,TB,18,18,5400,7.53
780,Paul Richardson,SEA,WR,14,JAX,1,1,5900,7.52
780,Breshad Perriman,BAL,WR,2,CLE,31,25,4900,7.52
780,Jordy Nelson,GB,WR,13,TB,30,32,6400,7.52
780,Kenny Golladay,DET,WR,3,ATL,25,15,5900,7.52
780,Corey Coleman,CLE,WR,1,PIT,9,4,5700,7.52
785,Marquise Goodwin,SF,WR,10,NYG,32,23,5300,7.5
786,Jordy Nelson,GB,WR,12,PIT,2,4,6200,7.49
787,JuJu Smith-Schuster,PIT,WR,8,DET,16,18,5500,7.48
788,Dontrelle Inman,CHI,WR,11,DET,14,19,4900,7.45
789,Martavis Bryant,PIT,WR,10,IND,29,31,5100,7.44
789,Tyler Lockett,SEA,WR,12,SF,32,21,5400,7.44
789,Willie Snead,NO,WR,8,CHI,9,11,5400,7.44
789,Kendall Wright,CHI,WR,17,MIN,2,9,5500,7.44
793,Tyler Lockett,SEA,WR,15,LAR,14,8,5000,7.43
793,Bruce Ellington,HOU,WR,11,ARI,25,25,4600,7.43
793,Zay Jones,BUF,WR,14,IND,31,30,4500,7.43
793,Brandon LaFell,CIN,WR,16,DET,17,16,5200,7.43
797,Corey Davis,TEN,WR,9,BAL,5,2,5500,7.42
797,Brandon LaFell,CIN,WR,13,PIT,3,7,5200,7.42
799,Terrance Williams,DAL,WR,3,ARI,19,28,4700,7.41
799,Jermaine Kearse,NYJ,WR,16,LAC,4,9,6000,7.41
801,Martavis Bryant,PIT,WR,11,TEN,16,25,5300,7.4
801,Danny Amendola,NE,WR,17,NYJ,26,21,5200,7.4
803,Josh Doctson,WAS,WR,15,ARI,16,20,5400,7.39
803,Jordan Matthews,BUF,WR,3,DEN,14,21,6200,7.39
805,Robby Anderson,NYJ,WR,8,ATL,19,13,5800,7.38
805,Jermaine Kearse,NYJ,WR,9,BUF,8,10,6100,7.38
805,Nelson Agholor,PHI,WR,3,NYG,15,9,5400,7.38
805,Tyler Lockett,SEA,WR,7,NYG,24,6,5300,7.38
805,Devante Parker,MIA,WR,16,KC,21,29,5700,7.38
810,Paul Richardson,SEA,WR,7,NYG,24,6,4800,7.37
810,Nelson Agholor,PHI,WR,9,DEN,6,4,6300,7.37
810,Dontrelle Inman,CHI,WR,12,PHI,6,17,5300,7.37
813,Mike Wallace,BAL,WR,7,MIN,6,21,5400,7.36
813,Danny Amendola,NE,WR,13,BUF,14,10,5300,7.36
813,Emmanuel Sanders,DEN,WR,15,IND,30,30,6400,7.36
816,Randall Cobb,GB,WR,11,BAL,4,2,5400,7.35
817,Kenny Stills,MIA,WR,4,NO,31,25,4800,7.34
817,Josh Doctson,WAS,WR,16,DEN,6,2,5300,7.34
817,Kendall Wright,CHI,WR,3,PIT,5,7,5600,7.34
820,Jermaine Kearse,NYJ,WR,10,TB,28,29,6000,7.33
821,Eric Decker,TEN,WR,6,IND,31,31,5400,7.32
821,Randall Cobb,GB,WR,9,DET,17,24,5400,7.32
823,Jermaine Kearse,NYJ,WR,8,ATL,19,13,6400,7.31
823,Kenny Britt,CLE,WR,4,CIN,8,11,5500,7.31
823,Bruce Ellington,HOU,WR,13,TEN,18,25,5200,7.31
826,Robert Woods,LAR,WR,5,SEA,8,8,5700,7.3
827,Paul Richardson,SEA,WR,10,ARI,26,28,5800,7.27
827,Adam Humphries,TB,WR,7,BUF,4,10,4800,7.27
827,Jordan Matthews,BUF,WR,10,NO,9,14,5600,7.27
830,Kelvin Benjamin,BUF,WR,15,MIA,19,9,6200,7.26
831,Martavis Bryant,PIT,WR,13,CIN,10,3,5600,7.25
832,Kenny Golladay,DET,WR,14,TB,30,32,5100,7.22
832,Corey Davis,TEN,WR,1,OAK,22,14,5500,7.22
834,Devin Funchess,CAR,WR,3,NO,32,32,4800,7.21
834,Corey Coleman,CLE,WR,13,LAC,8,12,5800,7.21
834,Mike Wallace,BAL,WR,3,JAX,10,6,5400,7.21
834,Cole Beasley,DAL,WR,2,DEN,1,1,5500,7.21
838,JJ Nelson,ARI,WR,4,SF,26,18,5900,7.2
838,Jermaine Kearse,NYJ,WR,15,NO,12,17,6500,7.2
840,Mike Wallace,BAL,WR,11,GB,19,26,5700,7.19
841,Donte Moncrief,IND,WR,7,JAX,2,2,5300,7.18
841,Jordan Matthews,BUF,WR,9,NYJ,25,25,5900,7.18
843,Danny Amendola,NE,WR,4,CAR,3,8,5900,7.17
843,Kendall Wright,CHI,WR,6,BAL,8,6,5200,7.17
845,Josh Doctson,WAS,WR,10,MIN,3,12,5400,7.16
845,Trent Taylor,SF,WR,14,HOU,27,25,4500,7.16
847,Josh Doctson,WAS,WR,8,DAL,23,27,5200,7.14
848,Tyler Lockett,SEA,WR,11,ATL,10,6,5500,7.13
849,Donte Moncrief,IND,WR,6,TEN,29,27,5700,7.12
849,Jeremy Kerley,NYJ,WR,5,CLE,27,12,4700,7.12
849,Adam Humphries,TB,WR,6,ARI,22,27,4900,7.12
852,Corey Coleman,CLE,WR,16,CHI,8,18,5800,7.1
852,Cole Beasley,DAL,WR,4,LAR,20,10,5100,7.1
854,Adam Humphries,TB,WR,9,NO,14,17,4900,7.09
855,Danny Amendola,NE,WR,11,OAK,24,15,5400,7.08
855,Allen Hurns,JAX,WR,10,LAC,13,18,5400,7.08
857,Cordarrelle Patterson,OAK,WR,13,NYG,32,23,5500,7.07
857,Cole Beasley,DAL,WR,5,GB,6,11,5000,7.07
857,Brandon LaFell,CIN,WR,10,TEN,20,22,4800,7.07
860,Amari Cooper,OAK,WR,14,KC,29,31,7000,7.06
860,Josh Gordon,CLE,WR,13,LAC,8,12,5800,7.06
862,Eric Decker,TEN,WR,5,MIA,19,18,5400,7.04
862,Jordy Nelson,GB,WR,14,CLE,21,12,5900,7.04
862,Corey Davis,TEN,WR,15,SF,27,19,5500,7.04
865,Marquise Goodwin,SF,WR,6,WAS,10,2,5100,7.03
866,Bruce Ellington,HOU,WR,12,BAL,2,2,5300,7.02
867,Kenny Stills,MIA,WR,3,NYJ,30,30,5100,7.01
867,Marqise Lee,JAX,WR,6,LAR,20,8,5400,7.01
869,Cooper Kupp,LAR,WR,4,DAL,15,20,5600,7
870,Kenny Britt,CLE,WR,2,BAL,8,20,5700,6.99
870,Allen Hurns,JAX,WR,6,LAR,20,8,5700,6.99
870,Jordy Nelson,GB,WR,16,MIN,2,10,6900,6.99
873,Taylor Gabriel,ATL,WR,4,BUF,1,6,5500,6.98
873,Marqise Lee,JAX,WR,9,CIN,7,6,5700,6.98
873,Jamison Crowder,WAS,WR,8,DAL,23,27,5100,6.98
876,Tyrell Williams,LAC,WR,7,DEN,7,8,6400,6.97
876,Nelson Agholor,PHI,WR,2,KC,11,15,5500,6.97
876,Brandon LaFell,CIN,WR,8,IND,32,30,4600,6.97
879,Eric Decker,TEN,WR,9,BAL,5,2,4700,6.96
879,Brandon Marshall,NYG,WR,4,TB,29,32,6400,6.96
881,Amari Cooper,OAK,WR,16,PHI,7,21,6800,6.95
882,Nelson Agholor,PHI,WR,6,CAR,7,14,5500,6.93
882,Kenny Golladay,DET,WR,13,BAL,2,2,5200,6.93
882,Devante Parker,MIA,WR,15,BUF,13,3,5900,6.93
885,Dontrelle Inman,CHI,WR,15,DET,19,15,5100,6.92
885,Randall Cobb,GB,WR,12,PIT,2,4,5300,6.92
885,Jeremy Kerley,NYJ,WR,6,NE,32,28,5000,6.92
888,Robby Anderson,NYJ,WR,4,JAX,2,2,5600,6.91
888,Nelson Agholor,PHI,WR,4,LAC,19,24,5300,6.91
890,Marquise Goodwin,SF,WR,1,CAR,25,21,5400,6.9
891,Taylor Gabriel,ATL,WR,2,GB,28,32,4900,6.89
891,JuJu Smith-Schuster,PIT,WR,6,KC,25,31,5200,6.89
891,JuJu Smith-Schuster,PIT,WR,7,CIN,3,5,5300,6.89
894,Will Fuller,HOU,WR,16,PIT,5,11,5400,6.88
894,Tyler Lockett,SEA,WR,13,PHI,5,12,5400,6.88
894,Jermaine Kearse,NYJ,WR,12,CAR,4,11,5500,6.88
897,Adam Humphries,TB,WR,10,NYJ,23,24,4800,6.87
898,Mike Wallace,BAL,WR,4,PIT,4,1,5200,6.85
898,Terrance Williams,DAL,WR,10,ATL,17,9,4600,6.85
900,Kenny Golladay,DET,WR,17,GB,27,26,5000,6.84
901,Tyrell Williams,LAC,WR,1,DEN,1,1,6500,6.83
901,Josh Doctson,WAS,WR,9,SEA,9,20,5300,6.83
903,Marquise Goodwin,SF,WR,7,DAL,27,25,5000,6.82
904,Tyrell Williams,LAC,WR,15,KC,25,31,5300,6.81
904,Kenny Stills,MIA,WR,5,TEN,31,31,4900,6.81
904,Rashard Higgins,CLE,WR,4,CIN,8,11,5100,6.81
904,Kendall Wright,CHI,WR,15,DET,19,15,5400,6.81
908,Kenny Stills,MIA,WR,2,LAC,16,8,5400,6.8
909,Josh Doctson,WAS,WR,11,NO,5,8,5200,6.79
909,Allen Hurns,JAX,WR,9,CIN,7,6,5500,6.79
911,John Brown,ARI,WR,4,SF,26,18,5800,6.78
912,Donte Moncrief,IND,WR,4,SEA,12,10,5300,6.77
912,Brandon LaFell,CIN,WR,15,MIN,2,11,5500,6.77
914,Robert Woods,LAR,WR,4,DAL,15,20,5500,6.76
914,Jordan Matthews,BUF,WR,12,KC,23,32,5300,6.76
914,Kenny Britt,CLE,WR,3,IND,29,31,5400,6.76
917,Randall Cobb,GB,WR,14,CLE,21,12,5000,6.75
918,Tavon Austin,LAR,WR,1,IND,26,12,4900,6.74
918,Robby Anderson,NYJ,WR,3,MIA,21,13,5200,6.74
918,Jordan Matthews,BUF,WR,8,OAK,24,17,5700,6.74
921,Travis Benjamin,LAC,WR,4,PHI,17,22,5000,6.73
921,Marquise Goodwin,SF,WR,9,ARI,29,30,4800,6.73
921,Danny Amendola,NE,WR,10,DEN,15,4,5900,6.73
924,Torrey Smith,PHI,WR,1,WAS,23,13,5100,6.72
924,Brandon LaFell,CIN,WR,2,HOU,3,5,4800,6.72
924,Corey Davis,TEN,WR,17,JAX,2,1,5500,6.72
924,Corey Davis,TEN,WR,14,ARI,20,22,5600,6.72
928,Keelan Cole,JAX,WR,15,HOU,29,25,4500,6.7
928,Terrance Williams,DAL,WR,13,WAS,21,8,5200,6.7
930,Sammy Watkins,LAR,WR,7,ARI,26,29,5900,6.69
930,Curtis Samuel,CAR,WR,10,MIA,13,11,5200,6.69
932,Marquise Goodwin,SF,WR,12,SEA,7,14,5300,6.67
932,Sammy Watkins,LAR,WR,11,MIN,6,12,6000,6.67
934,Jaron Brown,ARI,WR,2,IND,26,12,4500,6.65
935,Kenny Stills,MIA,WR,7,NYJ,19,15,4900,6.64
935,Mike Wallace,BAL,WR,5,OAK,17,7,5400,6.64
935,Adam Humphries,TB,WR,8,CAR,6,8,5000,6.64
938,Kenny Golladay,DET,WR,12,MIN,4,11,5800,6.63
938,Demarcus Robinson,KC,WR,9,DAL,20,27,4500,6.63
938,Donte Moncrief,IND,WR,8,CIN,7,9,5000,6.63
941,Brandon LaFell,CIN,WR,4,CLE,16,15,4600,6.61
942,Marquise Goodwin,SF,WR,8,PHI,20,26,4900,6.6
943,Torrey Smith,PHI,WR,4,LAC,19,24,5200,6.59
944,Cole Beasley,DAL,WR,8,WAS,22,6,4700,6.58
945,Ryan Grant,WAS,WR,17,NYG,32,25,4900,6.57
945,Roger Lewis,NYG,WR,16,ARI,15,17,5200,6.57
947,Eric Decker,TEN,WR,12,IND,30,30,4900,6.56
948,Tyrell Williams,LAC,WR,11,BUF,14,9,5000,6.55
948,Terrelle Pryor,WAS,WR,9,SEA,9,20,5300,6.55
948,Zay Jones,BUF,WR,5,CIN,3,10,4500,6.55
951,Brandon LaFell,CIN,WR,11,DEN,16,3,5300,6.54
952,John Brown,ARI,WR,9,SF,30,22,5700,6.53
952,TJ Jones,DET,WR,9,GB,18,23,5300,6.53
952,Terrance Williams,DAL,WR,12,LAC,13,19,5500,6.53
955,Ryan Grant,WAS,WR,14,LAC,7,10,5000,6.52
956,Jordan Matthews,BUF,WR,13,NE,25,27,5600,6.51
956,Adam Humphries,TB,WR,5,NE,32,29,4700,6.51
958,Paul Richardson,SEA,WR,1,GB,28,32,5200,6.49
959,Travis Benjamin,LAC,WR,6,OAK,16,12,5300,6.48
959,Kendall Wright,CHI,WR,7,CAR,10,20,5200,6.48
959,Terrance Williams,DAL,WR,7,SF,28,22,4600,6.48
959,Jaelen Strong,HOU,WR,2,CIN,12,2,5000,6.48
959,Trent Taylor,SF,WR,15,TEN,17,21,4500,6.48
964,Torrey Smith,PHI,WR,5,ARI,13,27,5100,6.47
965,Kenny Golladay,DET,WR,16,CIN,16,4,5100,6.46
966,Terrance Williams,DAL,WR,14,NYG,32,23,5300,6.45
966,Corey Davis,TEN,WR,16,LAR,9,6,5300,6.45
968,Ricardo Louis,CLE,WR,8,MIN,4,19,4700,6.44
969,Brandon Coleman,NO,WR,3,CAR,1,1,5500,6.43
969,Zay Jones,BUF,WR,4,ATL,23,12,4500,6.43
971,Dede Westbrook,JAX,WR,12,ARI,24,25,4900,6.42
972,Mike Wallace,BAL,WR,9,TEN,21,21,5500,6.39
972,Corey Coleman,CLE,WR,11,JAX,1,1,5400,6.39
972,Brandon Marshall,NYG,WR,3,PHI,13,8,6700,6.39
975,Terrance Williams,DAL,WR,5,GB,6,11,4900,6.38
976,Paul Richardson,SEA,WR,3,TEN,18,25,4900,6.36
976,Torrey Smith,PHI,WR,6,CAR,7,14,5400,6.36
976,Bruce Ellington,HOU,WR,6,CLE,21,13,4800,6.36
976,Danny Amendola,NE,WR,15,PIT,4,10,5200,6.36
980,Devante Parker,MIA,WR,14,NE,18,27,6100,6.35
981,Kenny Golladay,DET,WR,15,CHI,10,18,5000,6.34
982,Eric Decker,TEN,WR,16,LAR,9,6,4800,6.32
982,Seth Roberts,OAK,WR,15,DAL,20,27,4500,6.32
984,Corey Coleman,CLE,WR,17,PIT,5,12,5400,6.31
984,Chester Rogers,IND,WR,15,DEN,10,2,5400,6.31
986,Jermaine Kearse,NYJ,WR,17,NE,23,28,5800,6.29
986,Adam Humphries,TB,WR,16,CAR,10,24,4500,6.29
988,Albert Wilson,KC,WR,17,DEN,9,4,5200,6.28
989,Zay Jones,BUF,WR,3,DEN,14,21,4500,6.27
990,Zay Jones,BUF,WR,12,KC,23,32,5100,6.26
991,Sammy Watkins,LAR,WR,10,HOU,24,26,6400,6.25
992,Jaron Brown,ARI,WR,4,SF,26,18,4500,6.24
992,Alshon Jeffery,PHI,WR,17,DAL,17,24,7500,6.24
992,Tavarres King,NYG,WR,12,WAS,29,12,4800,6.24
995,Rashard Higgins,CLE,WR,5,NYJ,16,20,4900,6.23
995,Ricardo Louis,CLE,WR,10,DET,15,20,4700,6.23
997,Albert Wilson,KC,WR,14,OAK,23,16,5400,6.21
997,Cordarrelle Patterson,OAK,WR,15,DAL,20,27,4500,6.21
997,Albert Wilson,KC,WR,15,LAC,3,7,5300,6.21
997,Danny Amendola,NE,WR,8,LAC,12,23,5700,6.21
