Rank,Name,Team,Position,Week,Opponent,TacklesForLoss,Sacks,QuarterbackHits,Interceptions,FumblesRecovered,Safeties,DefensiveTouchdowns,SpecialTeamsTouchdowns,PointsAllowedByDefenseSpecialTeams,FantasyPointsPerGameFanDuel,FantasyPointsFanDuel
1,Denver Broncos,DEN,DST,7,ARI,8,6,13,3,2,0,2,0,10,32,32
2,Chicago Bears,CHI,DST,9,BUF,12,4,9,3,1,0,2,0,9,28,28
3,New York Jets,NYJ,DST,1,DET,2,0,4,5,0,0,1,1,11,26,26
4,Miami Dolphins,MIA,DST,9,NYJ,7,4,7,4,0,0,1,0,6,25,25
5,Kansas City Chiefs,KC,DST,17,OAK,7,3,6,2,2,0,1,0,3,24,24
6,Green Bay Packers,GB,DST,4,BUF,8,7,11,2,1,0,0,0,0,23,23
6,New England Patriots,NE,DST,17,NYJ,8,4,6,0,3,0,1,0,3,23,23
6,Los Angeles Rams,LAR,DST,7,SF,14,7,12,2,2,1,0,0,10,23,23
9,Cincinnati Bengals,CIN,DST,5,MIA,6,3,9,2,1,0,2,0,17,22,22
9,Kansas City Chiefs,KC,DST,5,JAX,5,5,12,4,1,0,1,0,14,22,22
9,Minnesota Vikings,MIN,DST,9,DET,12,10,17,0,1,0,1,0,9,22,22
12,Arizona Cardinals,ARI,DST,5,SF,14,4,8,2,3,0,1,0,18,21,21
12,Baltimore Ravens,BAL,DST,6,TEN,12,11,11,0,0,0,0,0,0,21,21
12,Los Angeles Chargers,LAC,DST,17,DEN,4,1,3,1,3,0,1,0,9,21,21
12,Los Angeles Rams,LAR,DST,11,KC,4,3,5,3,2,0,2,0,45,21,21
16,New England Patriots,NE,DST,8,BUF,7,3,6,1,1,0,1,0,6,20,20
16,Chicago Bears,CHI,DST,14,LAR,5,3,8,4,0,1,0,0,6,20,20
16,Baltimore Ravens,BAL,DST,16,LAC,6,4,8,2,1,0,1,0,10,20,20
16,Atlanta Falcons,ATL,DST,15,ARI,12,7,11,2,1,0,1,0,14,20,20
16,Houston Texans,HOU,DST,6,BUF,6,2,4,2,1,0,1,0,13,20,20
21,Cincinnati Bengals,CIN,DST,8,TB,6,6,9,4,0,0,1,0,34,19,19
21,Indianapolis Colts,IND,DST,7,BUF,7,2,6,3,2,0,0,0,3,19,19
21,New England Patriots,NE,DST,7,CHI,3,2,5,2,0,0,0,2,31,19,19
24,Minnesota Vikings,MIN,DST,1,SF,7,3,9,3,1,0,1,0,16,18,18
24,Houston Texans,HOU,DST,13,CLE,4,0,1,3,1,0,1,0,13,18,18
24,New York Giants,NYG,DST,14,WAS,9,5,8,3,0,0,1,0,16,18,18
24,Detroit Lions,DET,DST,14,ARI,6,3,8,1,0,0,1,0,3,18,18
24,Baltimore Ravens,BAL,DST,12,OAK,4,3,5,0,1,0,1,1,17,18,18
24,Buffalo Bills,BUF,DST,17,MIA,7,4,6,2,3,0,0,0,11,18,18
30,Baltimore Ravens,BAL,DST,1,BUF,9,6,9,2,0,0,0,0,3,17,17
30,Los Angeles Rams,LAR,DST,1,OAK,6,1,3,3,0,0,1,0,13,17,17
30,Buffalo Bills,BUF,DST,3,MIN,4,4,6,1,2,0,0,0,6,17,17
30,Pittsburgh Steelers,PIT,DST,3,TB,5,3,13,3,1,0,1,0,27,17,17
30,Seattle Seahawks,SEA,DST,6,OAK,10,6,10,0,2,0,0,0,3,17,17
30,Jacksonville Jaguars,JAX,DST,13,IND,6,3,9,1,1,0,0,0,0,17,17
30,New York Giants,NYG,DST,13,CHI,9,5,7,2,1,0,1,0,27,17,17
30,Jacksonville Jaguars,JAX,DST,16,MIA,6,3,7,1,1,0,1,0,7,17,17
30,Tennessee Titans,TEN,DST,15,NYG,6,3,8,1,1,0,0,0,0,17,17
30,Chicago Bears,CHI,DST,2,SEA,7,6,8,1,1,0,1,0,17,17,17
30,Washington Redskins,WAS,DST,10,TB,4,2,6,2,2,0,0,0,3,17,17
30,Pittsburgh Steelers,PIT,DST,5,ATL,11,6,13,0,1,0,1,0,17,17,17
30,Indianapolis Colts,IND,DST,15,DAL,6,3,5,1,0,0,0,0,0,17,17
43,Cleveland Browns,CLE,DST,1,PIT,5,4,5,3,3,0,0,0,21,16,16
43,Seattle Seahawks,SEA,DST,13,SF,5,3,15,1,2,0,1,0,16,16,16
43,Los Angeles Rams,LAR,DST,17,SF,3,3,9,3,1,0,1,0,32,16,16
43,Philadelphia Eagles,PHI,DST,17,WAS,9,4,8,1,0,0,0,0,0,16,16
43,Seattle Seahawks,SEA,DST,14,MIN,3,2,7,0,1,0,1,0,7,16,16
43,Arizona Cardinals,ARI,DST,17,SEA,8,6,8,1,0,0,0,1,27,16,16
49,Seattle Seahawks,SEA,DST,3,DAL,6,5,10,2,1,0,0,0,13,15,15
49,Washington Redskins,WAS,DST,8,NYG,10,7,10,2,0,0,0,0,13,15,15
49,New Orleans Saints,NO,DST,8,MIN,5,4,9,1,1,0,1,0,20,15,15
49,New Orleans Saints,NO,DST,13,DAL,9,7,8,0,2,0,0,0,13,15,15
49,Baltimore Ravens,BAL,DST,13,ATL,7,3,8,0,1,0,1,0,10,15,15
49,Washington Redskins,WAS,DST,7,DAL,6,4,9,0,2,0,1,0,17,15,15
49,New Orleans Saints,NO,DST,12,ATL,11,6,15,1,3,0,0,0,17,15,15
49,Detroit Lions,DET,DST,17,GB,6,3,6,1,0,0,0,0,0,15,15
49,San Francisco 49ers,SF,DST,9,OAK,8,8,10,0,0,0,0,0,3,15,15
49,Houston Texans,HOU,DST,11,WAS,6,5,7,2,0,0,1,0,21,15,15
49,Chicago Bears,CHI,DST,11,MIN,10,2,4,2,1,0,1,0,20,15,15
49,Pittsburgh Steelers,PIT,DST,10,CAR,8,5,7,1,1,0,1,0,21,15,15
61,Chicago Bears,CHI,DST,1,GB,5,4,7,1,1,0,1,0,24,14,14
61,Arizona Cardinals,ARI,DST,6,MIN,7,4,7,1,1,0,1,0,27,14,14
61,Buffalo Bills,BUF,DST,6,HOU,14,7,15,2,1,0,0,0,14,14,14
61,Chicago Bears,CHI,DST,4,TB,7,4,7,3,0,0,0,0,10,14,14
61,Denver Broncos,DEN,DST,13,CIN,7,4,10,1,2,0,0,0,10,14,14
61,Cleveland Browns,CLE,DST,7,TB,6,4,10,2,2,1,0,0,26,14,14
61,Houston Texans,HOU,DST,7,JAX,4,4,11,1,2,0,0,0,7,14,14
61,Kansas City Chiefs,KC,DST,7,CIN,4,2,3,1,0,0,1,0,10,14,14
61,Atlanta Falcons,ATL,DST,16,CAR,4,2,9,3,1,0,0,0,10,14,14
61,Dallas Cowboys,DAL,DST,16,TB,4,3,8,0,2,0,1,0,20,14,14
61,Washington Redskins,WAS,DST,15,JAX,7,6,9,1,1,0,0,0,13,14,14
61,Houston Texans,HOU,DST,17,JAX,7,3,6,1,1,0,0,0,3,14,14
61,Green Bay Packers,GB,DST,10,MIA,6,6,9,1,1,0,0,0,12,14,14
61,Los Angeles Rams,LAR,DST,3,LAC,4,2,5,0,2,0,0,1,23,14,14
75,Miami Dolphins,MIA,DST,1,TEN,2,0,1,3,0,0,0,1,20,13,13
75,Jacksonville Jaguars,JAX,DST,1,NYG,10,2,6,1,1,0,1,0,15,13,13
75,Washington Redskins,WAS,DST,1,ARI,2,2,6,1,1,0,0,0,6,13,13
75,Chicago Bears,CHI,DST,3,ARI,8,4,9,3,1,0,0,0,14,13,13
75,Minnesota Vikings,MIN,DST,5,PHI,6,3,8,0,2,0,1,0,21,13,13
75,New York Jets,NYJ,DST,6,IND,4,0,4,3,1,0,1,0,34,13,13
75,Houston Texans,HOU,DST,4,IND,9,4,11,0,2,0,1,0,34,13,13
75,Tampa Bay Buccaneers,TB,DST,13,CAR,5,4,10,4,0,0,0,0,17,13,13
75,Green Bay Packers,GB,DST,14,ATL,5,2,4,1,1,0,1,0,20,13,13
75,Tennessee Titans,TEN,DST,16,WAS,4,2,3,2,0,0,1,0,16,13,13
75,Chicago Bears,CHI,DST,12,DET,4,2,4,2,0,0,1,0,16,13,13
75,Minnesota Vikings,MIN,DST,15,MIA,12,9,11,0,0,0,0,0,11,13,13
75,Los Angeles Chargers,LAC,DST,9,SEA,8,4,8,1,0,0,1,0,17,13,13
75,Miami Dolphins,MIA,DST,2,NYJ,9,3,5,2,1,0,0,0,12,13,13
75,Los Angeles Rams,LAR,DST,2,ARI,3,1,5,1,0,0,0,0,0,13,13
75,Indianapolis Colts,IND,DST,11,TEN,10,5,7,2,0,0,0,0,10,13,13
75,New Orleans Saints,NO,DST,11,PHI,7,3,5,3,0,0,0,0,7,13,13
75,Los Angeles Chargers,LAC,DST,10,OAK,6,4,9,0,1,0,0,0,6,13,13
75,Miami Dolphins,MIA,DST,5,CIN,8,2,4,1,0,0,0,1,15,13,13
75,New York Jets,NYJ,DST,13,TEN,5,3,7,1,0,0,1,0,26,13,13
95,Cincinnati Bengals,CIN,DST,1,IND,6,2,9,1,1,0,1,0,23,12,12
95,Carolina Panthers,CAR,DST,1,DAL,8,6,10,0,1,0,0,0,8,12,12
95,Denver Broncos,DEN,DST,1,SEA,8,6,11,2,1,0,0,0,24,12,12
95,Tennessee Titans,TEN,DST,3,JAX,4,3,5,0,1,0,0,0,6,12,12
95,Buffalo Bills,BUF,DST,5,TEN,8,2,5,1,2,0,0,0,12,12,12
95,Carolina Panthers,CAR,DST,5,NYG,7,1,2,2,1,0,1,0,31,12,12
95,Minnesota Vikings,MIN,DST,6,ARI,6,4,6,1,1,0,0,0,11,12,12
95,Oakland Raiders,OAK,DST,4,CLE,4,2,5,2,2,0,1,0,42,12,12
95,Indianapolis Colts,IND,DST,13,JAX,8,3,7,0,1,0,0,0,6,12,12
95,Minnesota Vikings,MIN,DST,7,NYJ,6,3,5,3,1,0,0,0,17,12,12
95,Miami Dolphins,MIA,DST,16,JAX,10,6,11,0,1,0,0,0,11,12,12
95,Oakland Raiders,OAK,DST,16,DEN,4,1,2,2,0,0,0,1,14,12,12
95,Tampa Bay Buccaneers,TB,DST,12,SF,7,4,10,2,0,0,0,0,9,12,12
95,New Orleans Saints,NO,DST,15,CAR,5,4,5,1,1,0,0,0,9,12,12
95,Cincinnati Bengals,CIN,DST,2,BAL,4,4,9,2,2,0,0,0,23,12,12
95,Dallas Cowboys,DAL,DST,2,NYG,9,6,8,0,1,0,0,0,13,12,12
95,Chicago Bears,CHI,DST,10,DET,7,6,9,2,1,0,0,0,22,12,12
95,Cleveland Browns,CLE,DST,5,BAL,5,2,8,1,1,0,0,0,9,12,12
113,Tennessee Titans,TEN,DST,1,MIA,7,1,2,2,0,0,0,1,27,11,11
113,Baltimore Ravens,BAL,DST,5,CLE,11,5,8,1,0,0,0,0,12,11,11
113,Los Angeles Chargers,LAC,DST,5,OAK,6,3,5,1,1,0,0,0,10,11,11
113,Dallas Cowboys,DAL,DST,6,JAX,5,3,7,1,1,0,0,0,7,11,11
113,Atlanta Falcons,ATL,DST,13,BAL,3,2,3,0,1,0,1,0,20,11,11
113,Los Angeles Rams,LAR,DST,14,CHI,3,1,2,3,0,0,0,0,13,11,11
113,New York Giants,NYG,DST,11,TB,4,1,5,4,0,0,1,0,35,11,11
113,Kansas City Chiefs,KC,DST,11,LAR,8,5,8,0,2,0,1,0,42,11,11
113,Buffalo Bills,BUF,DST,10,NYJ,7,3,8,2,0,0,0,0,10,11,11
113,Pittsburgh Steelers,PIT,DST,1,CLE,13,7,12,1,0,0,0,0,21,11,11
113,New York Jets,NYJ,DST,14,BUF,4,3,12,2,1,0,0,0,23,11,11
113,Denver Broncos,DEN,DST,12,PIT,2,2,5,2,1,0,0,0,17,11,11
113,Green Bay Packers,GB,DST,2,MIN,3,2,6,1,0,0,0,1,29,11,11
126,Philadelphia Eagles,PHI,DST,1,ATL,10,4,15,1,0,0,0,0,12,10,10
126,Kansas City Chiefs,KC,DST,1,LAC,4,1,6,1,1,0,0,1,28,10,10
126,Indianapolis Colts,IND,DST,3,PHI,10,5,8,1,1,0,0,0,20,10,10
126,Carolina Panthers,CAR,DST,3,CIN,4,2,4,4,0,0,0,0,21,10,10
126,Detroit Lions,DET,DST,5,GB,4,4,7,0,3,0,0,0,23,10,10
126,Philadelphia Eagles,PHI,DST,6,NYG,4,4,13,1,0,0,0,0,13,10,10
126,Los Angeles Chargers,LAC,DST,6,CLE,5,5,9,2,0,0,0,0,14,10,10
126,New England Patriots,NE,DST,4,MIA,4,2,5,1,1,0,0,0,7,10,10
126,Jacksonville Jaguars,JAX,DST,8,PHI,6,4,9,1,2,0,0,0,24,10,10
126,Seattle Seahawks,SEA,DST,8,DET,3,3,4,1,2,0,0,0,14,10,10
126,San Francisco 49ers,SF,DST,8,ARI,6,3,7,1,1,1,0,0,18,10,10
126,New England Patriots,NE,DST,13,MIN,3,2,6,2,0,0,0,0,10,10,10
126,Tennessee Titans,TEN,DST,14,JAX,6,4,10,0,1,0,0,0,7,10,10
126,New England Patriots,NE,DST,16,BUF,1,0,5,2,1,0,0,0,12,10,10
126,Cincinnati Bengals,CIN,DST,15,OAK,8,5,7,0,2,0,0,0,16,10,10
126,Jacksonville Jaguars,JAX,DST,15,WAS,8,3,8,0,0,0,0,1,16,10,10
126,Denver Broncos,DEN,DST,17,LAC,3,1,3,2,2,0,0,0,15,10,10
126,Seattle Seahawks,SEA,DST,17,ARI,9,6,8,0,2,0,0,0,24,10,10
126,Cincinnati Bengals,CIN,DST,17,PIT,4,1,7,1,0,0,1,0,16,10,10
126,Indianapolis Colts,IND,DST,17,TEN,2,0,0,2,1,0,0,0,11,10,10
126,Tennessee Titans,TEN,DST,17,IND,3,1,2,1,1,0,1,0,33,10,10
126,Tennessee Titans,TEN,DST,9,DAL,8,5,7,1,1,0,0,0,14,10,10
126,Los Angeles Chargers,LAC,DST,2,BUF,8,5,8,2,0,0,0,0,20,10,10
126,Washington Redskins,WAS,DST,11,HOU,5,3,4,2,1,0,0,0,17,10,10
126,Kansas City Chiefs,KC,DST,10,ARI,6,5,13,2,0,0,0,0,14,10,10
151,Cleveland Browns,CLE,DST,3,NYJ,11,2,5,2,1,0,0,0,17,9,9
151,Jacksonville Jaguars,JAX,DST,4,NYJ,6,3,4,0,0,1,0,0,12,9,9
151,Kansas City Chiefs,KC,DST,8,DEN,7,5,8,1,1,0,0,0,23,9,9
151,Miami Dolphins,MIA,DST,13,BUF,7,2,8,2,1,0,0,0,17,9,9
151,Los Angeles Rams,LAR,DST,13,DET,10,4,12,1,1,0,0,0,16,9,9
151,Philadelphia Eagles,PHI,DST,13,WAS,9,3,9,1,0,0,0,0,13,9,9
151,Dallas Cowboys,DAL,DST,12,WAS,5,3,8,3,0,0,0,0,23,9,9
151,Houston Texans,HOU,DST,12,TEN,10,6,9,0,1,0,0,0,17,9,9
151,San Francisco 49ers,SF,DST,15,SEA,6,3,5,0,0,0,0,1,23,9,9
151,Jacksonville Jaguars,JAX,DST,17,HOU,8,6,12,0,1,0,0,0,20,9,9
151,Indianapolis Colts,IND,DST,2,WAS,12,3,6,0,1,0,0,0,9,9,9
151,New York Jets,NYJ,DST,2,MIA,7,4,7,0,2,0,0,0,20,9,9
151,Pittsburgh Steelers,PIT,DST,11,JAX,8,6,8,0,1,0,0,0,16,9,9
151,Jacksonville Jaguars,JAX,DST,11,PIT,3,2,6,3,0,0,0,0,20,9,9
151,New Orleans Saints,NO,DST,10,CIN,5,4,6,2,0,0,0,0,14,9,9
151,Cleveland Browns,CLE,DST,10,ATL,5,2,5,0,3,0,0,0,16,9,9
151,New Orleans Saints,NO,DST,14,TB,5,4,10,1,0,0,0,0,14,9,9
168,Houston Texans,HOU,DST,1,NE,2,2,5,1,2,0,0,0,27,8,8
168,New England Patriots,NE,DST,1,HOU,7,3,12,1,1,0,0,0,20,8,8
168,Detroit Lions,DET,DST,1,NYJ,3,2,2,1,1,0,1,0,42,8,8
168,Miami Dolphins,MIA,DST,3,OAK,6,3,7,2,0,0,0,0,20,8,8
168,Arizona Cardinals,ARI,DST,3,CHI,7,3,6,1,1,0,0,0,16,8,8
168,Detroit Lions,DET,DST,3,NE,5,2,6,1,0,0,0,0,10,8,8
168,New Orleans Saints,NO,DST,5,WAS,8,3,4,1,1,0,0,0,19,8,8
168,Washington Redskins,WAS,DST,6,CAR,3,1,2,1,2,0,0,0,17,8,8
168,Indianapolis Colts,IND,DST,4,HOU,11,7,11,1,0,0,0,0,31,8,8
168,New Orleans Saints,NO,DST,4,NYG,6,3,5,0,2,0,0,0,18,8,8
168,San Francisco 49ers,SF,DST,4,LAC,4,1,3,1,0,0,1,0,29,8,8
168,Carolina Panthers,CAR,DST,8,BAL,4,2,7,2,1,0,0,0,21,8,8
168,Arizona Cardinals,ARI,DST,8,SF,10,4,8,0,0,0,0,0,13,8,8
168,Dallas Cowboys,DAL,DST,13,NO,3,2,6,1,0,0,0,0,10,8,8
168,Kansas City Chiefs,KC,DST,13,OAK,6,3,6,0,3,0,0,0,33,8,8
168,Los Angeles Chargers,LAC,DST,13,PIT,1,1,2,1,0,0,0,1,30,8,8
168,Philadelphia Eagles,PHI,DST,14,DAL,8,3,9,2,1,0,0,0,29,8,8
168,New York Jets,NYJ,DST,16,GB,4,4,12,0,1,0,0,1,44,8,8
168,San Francisco 49ers,SF,DST,16,CHI,4,3,5,0,2,0,0,0,14,8,8
168,Los Angeles Rams,LAR,DST,16,ARI,6,4,8,0,0,0,0,0,9,8,8
168,New England Patriots,NE,DST,12,NYJ,5,2,13,1,0,0,0,0,13,8,8
168,Los Angeles Chargers,LAC,DST,12,ARI,5,2,2,1,0,0,0,0,10,8,8
168,Kansas City Chiefs,KC,DST,15,LAC,5,5,12,2,0,0,0,0,29,8,8
168,Chicago Bears,CHI,DST,15,GB,6,5,9,1,0,0,0,0,17,8,8
168,Philadelphia Eagles,PHI,DST,15,LAR,6,2,7,1,2,0,0,0,23,8,8
168,Carolina Panthers,CAR,DST,15,NO,6,2,4,1,0,0,0,0,12,8,8
168,Chicago Bears,CHI,DST,17,MIN,8,4,9,0,0,0,0,0,10,8,8
168,Pittsburgh Steelers,PIT,DST,17,CIN,5,4,9,0,0,0,0,0,7,8,8
168,New York Jets,NYJ,DST,9,MIA,7,4,7,0,0,0,0,0,7,8,8
168,Minnesota Vikings,MIN,DST,11,CHI,10,1,2,2,1,0,0,0,19,8,8
168,Cleveland Browns,CLE,DST,12,CIN,4,1,3,1,1,0,0,0,20,8,8
199,Atlanta Falcons,ATL,DST,1,PHI,3,2,4,1,1,0,0,0,18,7,7
199,Tampa Bay Buccaneers,TB,DST,1,NO,3,1,5,0,2,0,1,0,40,7,7
199,Seattle Seahawks,SEA,DST,1,DEN,2,1,5,3,0,0,0,0,27,7,7
199,Green Bay Packers,GB,DST,1,CHI,5,4,5,0,1,0,0,0,17,7,7
199,Jacksonville Jaguars,JAX,DST,3,TEN,7,3,4,0,0,0,0,0,9,7,7
199,New York Giants,NYG,DST,3,HOU,6,3,11,1,1,0,0,0,22,7,7
199,Washington Redskins,WAS,DST,3,GB,5,4,7,0,1,0,0,0,17,7,7
199,New England Patriots,NE,DST,5,IND,2,1,6,2,1,0,0,0,24,7,7
199,Tennessee Titans,TEN,DST,5,BUF,8,1,2,1,0,0,0,0,13,7,7
199,New York Jets,NYJ,DST,5,DEN,8,4,9,1,0,0,0,0,16,7,7
199,Houston Texans,HOU,DST,5,DAL,7,2,6,2,0,0,0,0,16,7,7
199,Miami Dolphins,MIA,DST,6,CHI,4,2,3,1,2,0,0,0,28,7,7
199,Denver Broncos,DEN,DST,6,LAR,6,5,6,1,0,0,0,0,23,7,7
199,Green Bay Packers,GB,DST,6,SF,3,2,4,1,2,0,0,0,30,7,7
199,New York Jets,NYJ,DST,4,JAX,3,2,4,1,2,0,0,0,29,7,7
199,Philadelphia Eagles,PHI,DST,8,JAX,6,4,9,0,1,0,0,0,18,7,7
199,Pittsburgh Steelers,PIT,DST,8,CLE,10,2,7,1,0,1,0,0,18,7,7
199,Los Angeles Rams,LAR,DST,8,GB,6,3,8,0,1,1,0,0,27,7,7
199,Tampa Bay Buccaneers,TB,DST,7,CLE,8,5,5,0,1,0,0,0,21,7,7
199,Carolina Panthers,CAR,DST,7,PHI,10,4,6,0,1,0,0,0,17,7,7
199,Arizona Cardinals,ARI,DST,14,DET,5,1,2,0,1,0,0,0,11,7,7
199,Minnesota Vikings,MIN,DST,16,DET,12,3,8,0,0,0,0,0,9,7,7
199,Buffalo Bills,BUF,DST,16,NE,4,1,3,2,1,0,0,0,24,7,7
199,Chicago Bears,CHI,DST,16,SF,3,1,6,1,0,0,0,0,9,7,7
199,Detroit Lions,DET,DST,12,CHI,4,4,10,0,1,0,0,0,17,7,7
199,Buffalo Bills,BUF,DST,12,JAX,7,3,8,2,0,0,0,0,21,7,7
199,Miami Dolphins,MIA,DST,12,IND,3,1,3,2,1,0,0,0,27,7,7
199,Minnesota Vikings,MIN,DST,12,GB,4,4,5,0,1,0,0,0,17,7,7
199,Cleveland Browns,CLE,DST,15,DEN,8,2,7,2,0,0,0,0,16,7,7
199,Denver Broncos,DEN,DST,15,CLE,4,2,3,1,1,0,0,0,17,7,7
199,Tampa Bay Buccaneers,TB,DST,15,BAL,4,2,5,0,2,0,0,0,20,7,7
199,Baltimore Ravens,BAL,DST,15,TB,3,1,4,1,0,0,0,0,12,7,7
199,New England Patriots,NE,DST,15,PIT,2,2,7,2,0,0,0,0,17,7,7
199,Pittsburgh Steelers,PIT,DST,15,NE,2,1,7,1,0,0,0,0,10,7,7
199,Dallas Cowboys,DAL,DST,9,TEN,7,4,7,0,2,0,0,0,28,7,7
199,Cleveland Browns,CLE,DST,2,NO,7,3,5,0,2,0,0,0,21,7,7
199,Tennessee Titans,TEN,DST,2,HOU,6,4,11,1,0,0,0,0,17,7,7
199,Tampa Bay Buccaneers,TB,DST,2,PHI,6,3,12,0,2,0,0,0,21,7,7
199,Seattle Seahawks,SEA,DST,2,CHI,5,2,2,2,0,0,0,0,18,7,7
199,Denver Broncos,DEN,DST,11,LAC,6,3,6,2,0,0,0,0,22,7,7
199,Tennessee Titans,TEN,DST,10,NE,7,3,7,0,0,0,0,0,10,7,7
240,San Francisco 49ers,SF,DST,1,MIN,7,3,6,0,1,0,0,0,18,6,6
240,Dallas Cowboys,DAL,DST,1,CAR,5,3,4,0,1,0,0,0,16,6,6
240,Baltimore Ravens,BAL,DST,3,DEN,5,3,9,1,0,0,0,0,14,6,6
240,Dallas Cowboys,DAL,DST,5,HOU,6,1,10,1,1,0,0,0,19,6,6
240,Buffalo Bills,BUF,DST,4,GB,8,2,4,1,1,0,0,0,22,6,6
240,Tennessee Titans,TEN,DST,4,PHI,8,4,11,0,1,0,0,0,23,6,6
240,Baltimore Ravens,BAL,DST,4,PIT,4,1,2,1,1,0,0,0,14,6,6
240,Kansas City Chiefs,KC,DST,4,DEN,3,4,9,1,0,0,0,0,23,6,6
240,Carolina Panthers,CAR,DST,13,TB,10,4,6,0,1,0,0,0,24,6,6
240,Denver Broncos,DEN,DST,14,SF,6,3,9,1,0,0,0,0,20,6,6
240,Pittsburgh Steelers,PIT,DST,14,OAK,5,4,5,0,1,0,0,0,24,6,6
240,Los Angeles Chargers,LAC,DST,16,BAL,6,3,5,0,1,0,0,0,16,6,6
240,Houston Texans,HOU,DST,16,PHI,5,1,4,1,2,0,0,0,32,6,6
240,New Orleans Saints,NO,DST,16,PIT,6,3,7,0,2,0,0,0,28,6,6
240,Miami Dolphins,MIA,DST,15,MIN,2,2,4,1,0,0,1,0,41,6,6
240,Baltimore Ravens,BAL,DST,17,CLE,6,0,2,3,0,0,0,0,24,6,6
240,Detroit Lions,DET,DST,9,MIN,3,1,1,1,1,0,0,0,18,6,6
240,Atlanta Falcons,ATL,DST,9,WAS,6,3,6,1,0,0,0,0,14,6,6
240,Carolina Panthers,CAR,DST,9,TB,8,3,11,2,0,0,0,0,28,6,6
240,New Orleans Saints,NO,DST,2,CLE,6,3,5,1,0,0,0,0,18,6,6
240,Philadelphia Eagles,PHI,DST,2,TB,5,2,8,1,1,0,0,0,27,6,6
240,Dallas Cowboys,DAL,DST,11,ATL,6,3,9,1,0,0,0,0,19,6,6
240,Detroit Lions,DET,DST,11,CAR,3,3,4,1,0,0,0,0,19,6,6
240,New York Jets,NYJ,DST,3,CLE,6,4,12,0,0,0,0,0,21,6,6
240,New England Patriots,NE,DST,14,MIA,7,5,10,0,0,0,0,0,34,6,6
240,Kansas City Chiefs,KC,DST,9,CLE,5,2,3,1,0,0,0,0,21,6,6
240,Denver Broncos,DEN,DST,3,BAL,4,2,3,0,0,0,0,0,27,6,6
267,Indianapolis Colts,IND,DST,1,CIN,5,2,3,1,1,0,0,0,28,5,5
267,Arizona Cardinals,ARI,DST,1,WAS,6,3,10,0,1,0,0,0,24,5,5
267,Tampa Bay Buccaneers,TB,DST,3,PIT,8,3,9,1,0,0,0,0,24,5,5
267,Jacksonville Jaguars,JAX,DST,5,KC,2,1,5,2,0,0,0,0,24,5,5
267,New York Giants,NYG,DST,5,CAR,7,1,3,2,0,0,0,0,27,5,5
267,Atlanta Falcons,ATL,DST,6,TB,2,2,4,2,0,0,0,0,29,5,5
267,Chicago Bears,CHI,DST,6,MIA,1,0,4,2,1,0,0,0,31,5,5
267,Los Angeles Rams,LAR,DST,6,DEN,2,2,5,1,0,0,0,0,20,5,5
267,Los Angeles Rams,LAR,DST,4,MIN,10,4,8,0,1,0,0,0,31,5,5
267,Philadelphia Eagles,PHI,DST,4,TEN,9,3,6,1,0,0,0,0,26,5,5
267,Los Angeles Chargers,LAC,DST,4,SF,3,1,9,2,0,0,0,0,21,5,5
267,Chicago Bears,CHI,DST,8,NYJ,3,1,2,0,0,0,0,0,10,5,5
267,Green Bay Packers,GB,DST,8,LAR,8,5,8,0,0,0,0,0,27,5,5
267,Buffalo Bills,BUF,DST,13,MIA,8,3,9,1,0,0,0,0,21,5,5
267,Chicago Bears,CHI,DST,13,NYG,8,3,6,1,0,0,0,0,24,5,5
267,Detroit Lions,DET,DST,13,LAR,3,2,4,1,1,0,0,0,30,5,5
267,Tennessee Titans,TEN,DST,13,NYJ,4,2,6,1,0,0,0,0,16,5,5
267,Los Angeles Chargers,LAC,DST,7,TEN,6,2,3,1,0,0,0,0,19,5,5
267,New York Giants,NYG,DST,7,ATL,7,3,5,0,1,0,0,0,23,5,5
267,Atlanta Falcons,ATL,DST,7,NYG,7,4,8,0,0,0,0,0,20,5,5
267,Indianapolis Colts,IND,DST,14,HOU,10,5,8,0,0,0,0,0,21,5,5
267,Carolina Panthers,CAR,DST,14,CLE,5,1,1,0,2,0,0,0,26,5,5
267,Baltimore Ravens,BAL,DST,14,KC,6,3,15,1,0,0,0,0,27,5,5
267,Minnesota Vikings,MIN,DST,14,SEA,3,2,3,1,0,0,0,0,15,5,5
267,Carolina Panthers,CAR,DST,16,ATL,3,1,3,0,2,0,0,0,24,5,5
267,Philadelphia Eagles,PHI,DST,16,HOU,6,4,9,0,1,0,0,0,30,5,5
267,Houston Texans,HOU,DST,15,NYJ,8,3,7,0,1,0,0,0,22,5,5
267,New York Jets,NYJ,DST,15,HOU,11,6,11,0,0,0,0,0,29,5,5
267,Seattle Seahawks,SEA,DST,15,SF,5,3,10,0,1,0,0,0,26,5,5
267,Miami Dolphins,MIA,DST,17,BUF,4,1,6,1,0,0,1,0,42,5,5
267,Carolina Panthers,CAR,DST,17,NO,6,2,2,1,0,0,0,0,14,5,5
267,Washington Redskins,WAS,DST,17,PHI,5,3,6,1,0,0,0,0,24,5,5
267,Houston Texans,HOU,DST,9,DEN,5,2,7,0,1,0,0,0,17,5,5
267,Denver Broncos,DEN,DST,9,HOU,12,4,4,0,0,0,0,0,19,5,5
267,Washington Redskins,WAS,DST,2,IND,3,1,7,2,0,0,0,0,21,5,5
267,Detroit Lions,DET,DST,2,SF,7,6,8,0,0,0,0,0,30,5,5
267,Jacksonville Jaguars,JAX,DST,2,NE,4,2,5,0,1,0,0,0,20,5,5
267,Green Bay Packers,GB,DST,11,SEA,7,3,5,0,1,0,0,0,27,5,5
267,Seattle Seahawks,SEA,DST,11,GB,6,5,7,0,0,0,0,0,24,5,5
267,Cincinnati Bengals,CIN,DST,11,BAL,3,3,5,1,0,0,0,0,24,5,5
267,Oakland Raiders,OAK,DST,11,ARI,4,1,1,2,0,0,0,0,21,5,5
267,Arizona Cardinals,ARI,DST,10,KC,10,5,7,0,0,0,0,0,26,5,5
267,Los Angeles Rams,LAR,DST,10,SEA,7,4,10,0,1,0,0,0,31,5,5
267,Dallas Cowboys,DAL,DST,10,PHI,5,2,6,1,0,0,0,0,20,5,5
267,Pittsburgh Steelers,PIT,DST,16,NO,4,2,5,1,0,0,0,0,31,5,5
267,Miami Dolphins,MIA,DST,10,GB,3,2,4,0,1,0,0,0,31,5,5
313,New York Giants,NYG,DST,1,JAX,2,1,3,1,0,0,0,0,14,4,4
313,Kansas City Chiefs,KC,DST,3,SF,8,4,5,0,0,0,0,0,27,4,4
313,Houston Texans,HOU,DST,3,NYG,9,4,6,0,0,0,0,0,27,4,4
313,Denver Broncos,DEN,DST,5,NYJ,5,1,3,1,1,0,0,0,34,4,4
313,Seattle Seahawks,SEA,DST,5,LAR,3,1,2,2,0,0,0,0,33,4,4
313,Philadelphia Eagles,PHI,DST,5,MIN,3,1,11,0,1,0,0,0,17,4,4
313,Seattle Seahawks,SEA,DST,4,ARI,10,1,7,0,1,0,0,0,17,4,4
313,Pittsburgh Steelers,PIT,DST,4,BAL,4,2,2,0,1,0,0,0,26,4,4
313,Houston Texans,HOU,DST,8,MIA,7,2,5,1,0,0,0,0,23,4,4
313,Cleveland Browns,CLE,DST,8,PIT,6,1,1,1,1,0,0,0,31,4,4
313,Cleveland Browns,CLE,DST,13,HOU,7,4,7,0,0,0,0,0,23,4,4
313,Cincinnati Bengals,CIN,DST,13,DEN,7,2,4,0,1,0,0,0,24,4,4
313,Detroit Lions,DET,DST,7,MIA,7,4,5,0,0,0,0,0,21,4,4
313,Jacksonville Jaguars,JAX,DST,14,TEN,5,1,1,1,0,1,0,0,30,4,4
313,Houston Texans,HOU,DST,14,IND,3,2,5,1,0,0,0,0,24,4,4
313,Cleveland Browns,CLE,DST,14,CAR,4,1,4,1,0,0,0,0,20,4,4
313,Buffalo Bills,BUF,DST,14,NYJ,4,0,0,1,1,0,0,0,27,4,4
313,Kansas City Chiefs,KC,DST,14,BAL,4,2,3,0,1,0,0,0,24,4,4
313,Tampa Bay Buccaneers,TB,DST,14,NO,4,1,4,1,1,0,0,0,28,4,4
313,Dallas Cowboys,DAL,DST,14,PHI,7,2,5,0,1,0,0,0,23,4,4
313,Washington Redskins,WAS,DST,16,TEN,8,3,4,0,0,0,0,0,19,4,4
313,Cleveland Browns,CLE,DST,16,CIN,9,3,5,0,0,0,0,0,18,4,4
313,Seattle Seahawks,SEA,DST,16,KC,3,1,11,0,2,0,0,0,31,4,4
313,Oakland Raiders,OAK,DST,12,BAL,1,1,1,2,0,0,0,0,28,4,4
313,Philadelphia Eagles,PHI,DST,12,NYG,5,2,5,1,0,0,0,0,22,4,4
313,Buffalo Bills,BUF,DST,15,DET,6,0,4,0,0,0,0,0,13,4,4
313,Cleveland Browns,CLE,DST,17,BAL,4,2,4,0,1,0,0,0,26,4,4
313,New England Patriots,NE,DST,9,GB,3,1,6,0,1,0,0,0,17,4,4
313,Atlanta Falcons,ATL,DST,2,CAR,2,2,6,1,0,0,0,0,24,4,4
313,San Francisco 49ers,SF,DST,2,DET,4,2,5,0,1,0,0,0,27,4,4
313,Oakland Raiders,OAK,DST,2,DEN,4,1,5,1,0,0,0,0,20,4,4
313,Arizona Cardinals,ARI,DST,11,OAK,8,4,7,0,0,0,0,0,23,4,4
313,Tampa Bay Buccaneers,TB,DST,10,WAS,7,3,6,0,0,0,0,0,16,4,4
313,Oakland Raiders,OAK,DST,10,LAC,3,1,6,1,0,0,0,0,20,4,4
313,Philadelphia Eagles,PHI,DST,10,DAL,6,4,10,0,0,0,0,0,27,4,4
313,New York Giants,NYG,DST,10,SF,6,0,3,2,0,0,0,0,23,4,4
313,Denver Broncos,DEN,DST,2,OAK,3,1,1,0,0,0,0,0,19,4,4
350,Philadelphia Eagles,PHI,DST,3,IND,6,2,7,0,0,0,0,0,16,3,3
350,Minnesota Vikings,MIN,DST,3,BUF,5,3,5,0,0,0,0,0,27,3,3
350,New England Patriots,NE,DST,3,DET,4,1,1,1,0,0,0,0,26,3,3
350,Pittsburgh Steelers,PIT,DST,6,CIN,6,3,4,0,0,0,0,0,21,3,3
350,Oakland Raiders,OAK,DST,6,SEA,2,1,3,1,0,0,0,0,27,3,3
350,Carolina Panthers,CAR,DST,6,WAS,6,3,6,0,0,0,0,0,23,3,3
350,Detroit Lions,DET,DST,4,DAL,5,3,5,0,0,0,0,0,26,3,3
350,Dallas Cowboys,DAL,DST,4,DET,7,3,4,0,0,0,0,0,24,3,3
350,Arizona Cardinals,ARI,DST,4,SEA,4,2,3,0,0,0,0,0,20,3,3
350,Cleveland Browns,CLE,DST,4,OAK,9,3,10,2,0,0,0,0,39,3,3
350,Denver Broncos,DEN,DST,8,KC,5,2,6,1,0,0,0,0,30,3,3
350,New York Giants,NYG,DST,8,WAS,3,0,5,0,1,0,0,0,20,3,3
350,Buffalo Bills,BUF,DST,8,NE,6,2,4,0,0,0,0,0,19,3,3
350,Green Bay Packers,GB,DST,13,ARI,4,2,3,0,0,0,0,0,20,3,3
350,Arizona Cardinals,ARI,DST,7,DEN,7,2,4,1,0,0,0,0,33,3,3
350,Tennessee Titans,TEN,DST,7,LAC,4,2,6,0,0,0,0,0,20,3,3
350,Chicago Bears,CHI,DST,7,NE,4,1,3,1,2,0,0,0,38,3,3
350,Baltimore Ravens,BAL,DST,7,NO,3,1,3,0,1,0,0,0,24,3,3
350,Atlanta Falcons,ATL,DST,14,GB,10,4,5,0,0,0,0,0,28,3,3
350,Washington Redskins,WAS,DST,14,NYG,5,2,5,1,0,0,0,0,34,3,3
350,Los Angeles Chargers,LAC,DST,14,CIN,5,3,4,0,0,0,0,0,21,3,3
350,San Francisco 49ers,SF,DST,14,DEN,6,2,10,0,0,0,0,0,14,3,3
350,Oakland Raiders,OAK,DST,14,PIT,3,1,3,1,0,0,0,0,21,3,3
350,Arizona Cardinals,ARI,DST,16,LAR,4,2,4,0,1,0,0,0,31,3,3
350,Washington Redskins,WAS,DST,12,DAL,8,4,8,0,0,0,0,0,31,3,3
350,Atlanta Falcons,ATL,DST,12,NO,4,2,3,1,0,0,0,0,31,3,3
350,New York Giants,NYG,DST,12,PHI,6,3,6,0,0,0,0,0,25,3,3
350,Indianapolis Colts,IND,DST,12,MIA,5,1,7,0,1,0,0,0,24,3,3
350,Tennessee Titans,TEN,DST,12,HOU,4,4,6,0,0,0,0,0,34,3,3
350,Green Bay Packers,GB,DST,15,CHI,5,1,2,0,1,0,0,0,24,3,3
350,Pittsburgh Steelers,PIT,DST,9,BAL,5,2,6,0,0,0,0,0,16,3,3
350,Seattle Seahawks,SEA,DST,9,LAC,5,2,5,0,0,0,0,0,19,3,3
350,Minnesota Vikings,MIN,DST,2,GB,6,4,9,0,0,0,0,0,29,3,3
350,Arizona Cardinals,ARI,DST,2,LAR,8,2,5,1,0,0,0,0,34,3,3
350,New England Patriots,NE,DST,2,JAX,3,0,5,1,1,0,0,0,31,3,3
350,Tampa Bay Buccaneers,TB,DST,11,NYG,6,4,6,0,0,0,0,0,32,3,3
350,Atlanta Falcons,ATL,DST,4,CIN,6,3,4,1,0,0,0,0,37,3,3
387,Dallas Cowboys,DAL,DST,3,SEA,4,2,7,0,0,0,0,0,24,2,2
387,Green Bay Packers,GB,DST,5,DET,6,3,5,0,0,0,0,0,31,2,2
387,Indianapolis Colts,IND,DST,6,NYJ,6,2,2,1,1,0,0,0,36,2,2
387,Tennessee Titans,TEN,DST,6,BAL,4,0,1,1,0,0,0,0,21,2,2
387,San Francisco 49ers,SF,DST,6,GB,7,3,7,0,0,0,0,0,33,2,2
387,New York Jets,NYJ,DST,8,CHI,4,2,5,0,0,0,0,0,24,2,2
387,Minnesota Vikings,MIN,DST,8,NO,6,0,2,1,0,0,0,0,24,2,2
387,Arizona Cardinals,ARI,DST,13,GB,6,1,4,0,0,0,0,0,17,2,2
387,Minnesota Vikings,MIN,DST,13,NE,1,0,1,1,0,0,0,0,24,2,2
387,Jacksonville Jaguars,JAX,DST,7,HOU,3,1,5,0,0,0,0,0,20,2,2
387,Philadelphia Eagles,PHI,DST,7,CAR,4,2,6,0,0,0,0,0,21,2,2
387,Dallas Cowboys,DAL,DST,7,WAS,8,1,3,0,0,0,0,0,14,2,2
387,Cincinnati Bengals,CIN,DST,14,LAC,4,2,3,0,0,0,0,0,26,2,2
387,Detroit Lions,DET,DST,16,MIN,6,2,3,0,0,0,0,0,27,2,2
387,New York Giants,NYG,DST,16,IND,4,1,7,1,0,0,0,0,28,2,2
387,Indianapolis Colts,IND,DST,16,NYG,8,0,3,1,0,0,0,0,27,2,2
387,Seattle Seahawks,SEA,DST,12,CAR,3,0,1,1,0,0,0,0,27,2,2
387,Arizona Cardinals,ARI,DST,12,LAC,6,4,8,0,1,0,0,0,45,2,2
387,Pittsburgh Steelers,PIT,DST,12,DEN,2,2,5,0,0,0,0,0,24,2,2
387,Green Bay Packers,GB,DST,12,MIN,7,2,4,0,0,0,0,0,24,2,2
387,Oakland Raiders,OAK,DST,15,CIN,8,1,4,1,0,0,0,0,30,2,2
387,Dallas Cowboys,DAL,DST,15,IND,3,0,3,0,1,0,0,0,23,2,2
387,New York Giants,NYG,DST,15,TEN,6,1,2,0,0,0,0,0,17,2,2
387,Detroit Lions,DET,DST,15,BUF,2,1,2,0,0,0,0,0,14,2,2
387,Atlanta Falcons,ATL,DST,17,TB,3,1,4,1,0,0,0,0,32,2,2
387,Tampa Bay Buccaneers,TB,DST,17,ATL,3,1,5,1,0,0,0,0,34,2,2
387,New York Giants,NYG,DST,17,DAL,8,4,10,0,1,0,0,0,36,2,2
387,Buffalo Bills,BUF,DST,9,CHI,8,1,4,1,0,0,0,0,29,2,2
387,Houston Texans,HOU,DST,2,TEN,4,1,2,0,0,0,0,0,20,2,2
387,Atlanta Falcons,ATL,DST,11,DAL,3,2,6,0,0,0,0,0,22,2,2
387,Carolina Panthers,CAR,DST,11,DET,9,1,1,0,0,0,0,0,20,2,2
387,Indianapolis Colts,IND,DST,10,JAX,9,0,1,0,1,0,0,0,26,2,2
387,Cincinnati Bengals,CIN,DST,16,CLE,2,0,0,0,0,0,0,0,26,2,2
420,Oakland Raiders,OAK,DST,1,LAR,2,1,2,0,0,0,0,0,27,1,1
420,Green Bay Packers,GB,DST,3,WAS,1,0,2,1,0,0,0,0,31,1,1
420,Los Angeles Chargers,LAC,DST,3,LAR,6,1,3,1,1,0,0,0,35,1,1
420,Oakland Raiders,OAK,DST,5,LAC,6,1,2,0,0,0,0,0,26,1,1
420,Los Angeles Rams,LAR,DST,5,SEA,4,2,3,0,0,0,0,0,31,1,1
420,San Francisco 49ers,SF,DST,5,ARI,6,1,4,0,0,0,0,0,22,1,1
420,Denver Broncos,DEN,DST,4,KC,2,1,10,0,0,0,0,0,27,1,1
420,Tampa Bay Buccaneers,TB,DST,8,CIN,7,2,2,0,0,0,0,0,31,1,1
420,Detroit Lions,DET,DST,8,SEA,4,2,4,0,0,0,0,0,28,1,1
420,Indianapolis Colts,IND,DST,8,OAK,0,0,1,0,1,0,0,0,28,1,1
420,Pittsburgh Steelers,PIT,DST,13,LAC,4,2,9,0,0,0,0,0,33,1,1
420,Washington Redskins,WAS,DST,13,PHI,3,0,4,1,0,0,0,0,28,1,1
420,New Orleans Saints,NO,DST,7,BAL,3,1,2,0,0,0,0,0,23,1,1
420,Miami Dolphins,MIA,DST,14,NE,3,2,5,0,0,0,0,0,33,1,1
420,Tampa Bay Buccaneers,TB,DST,16,DAL,8,1,2,0,0,0,0,0,21,1,1
420,Denver Broncos,DEN,DST,16,OAK,2,1,3,0,0,0,0,0,27,1,1
420,Carolina Panthers,CAR,DST,12,SEA,8,2,5,0,0,0,0,0,30,1,1
420,San Francisco 49ers,SF,DST,12,TB,6,1,6,0,0,0,0,0,27,1,1
420,Los Angeles Chargers,LAC,DST,15,KC,5,2,5,0,0,0,0,0,28,1,1
420,Arizona Cardinals,ARI,DST,15,ATL,8,2,3,0,0,0,0,0,34,1,1
420,Los Angeles Rams,LAR,DST,15,PHI,1,0,3,1,0,0,0,0,30,1,1
420,Dallas Cowboys,DAL,DST,17,NYG,4,1,5,1,1,0,0,0,35,1,1
420,Oakland Raiders,OAK,DST,17,KC,4,0,3,1,0,0,0,0,29,1,1
420,Baltimore Ravens,BAL,DST,9,PIT,3,1,6,0,0,0,0,0,23,1,1
420,Green Bay Packers,GB,DST,9,NE,2,2,3,0,0,0,0,0,31,1,1
420,Carolina Panthers,CAR,DST,2,ATL,6,0,2,1,0,0,0,0,31,1,1
420,Buffalo Bills,BUF,DST,2,LAC,6,2,5,0,0,0,0,0,31,1,1
420,Pittsburgh Steelers,PIT,DST,2,KC,4,1,5,0,1,1,0,0,42,1,1
420,New York Giants,NYG,DST,2,DAL,0,0,3,0,0,0,0,0,20,1,1
420,Baltimore Ravens,BAL,DST,11,CIN,3,1,5,0,0,0,0,0,21,1,1
420,New England Patriots,NE,DST,10,TEN,6,2,3,0,0,0,0,0,34,1,1
420,Atlanta Falcons,ATL,DST,10,CLE,0,0,0,1,0,0,0,0,28,1,1
420,Jacksonville Jaguars,JAX,DST,10,IND,3,0,2,1,0,0,0,0,29,1,1
420,San Francisco 49ers,SF,DST,10,NYG,6,1,4,0,0,0,0,0,27,1,1
420,New Orleans Saints,NO,DST,3,ATL,8,3,6,0,0,0,0,0,37,1,1
455,Buffalo Bills,BUF,DST,1,BAL,6,2,5,0,1,0,0,0,47,0,0
455,Oakland Raiders,OAK,DST,3,MIA,2,1,3,0,0,0,0,0,28,0,0
455,Cincinnati Bengals,CIN,DST,3,CAR,3,1,3,0,0,0,0,0,31,0,0
455,Indianapolis Colts,IND,DST,5,NE,1,0,3,2,0,0,0,0,38,0,0
455,Washington Redskins,WAS,DST,5,NO,3,2,3,0,1,0,0,0,43,0,0
455,New York Giants,NYG,DST,6,PHI,4,1,5,0,0,0,0,0,34,0,0
455,Tampa Bay Buccaneers,TB,DST,6,ATL,7,1,6,0,0,0,0,0,34,0,0
455,Kansas City Chiefs,KC,DST,6,NE,3,2,3,0,1,0,0,0,43,0,0
455,New England Patriots,NE,DST,6,KC,2,0,3,2,0,0,0,0,40,0,0
455,Miami Dolphins,MIA,DST,4,NE,6,0,6,2,0,0,0,0,38,0,0
455,New York Giants,NYG,DST,4,NO,5,1,2,0,0,0,0,0,33,0,0
455,Miami Dolphins,MIA,DST,7,DET,2,1,2,0,0,0,0,0,32,0,0
455,Cincinnati Bengals,CIN,DST,7,KC,3,2,6,1,0,0,0,0,39,0,0
455,Jacksonville Jaguars,JAX,DST,12,BUF,4,0,6,0,0,0,0,0,24,0,0
455,New York Jets,NYJ,DST,12,NE,1,0,5,0,0,0,0,0,27,0,0
455,Green Bay Packers,GB,DST,17,DET,4,1,3,0,0,0,0,0,31,0,0
455,New Orleans Saints,NO,DST,17,CAR,6,1,7,0,0,0,0,0,33,0,0
455,New York Jets,NYJ,DST,17,NE,4,1,4,0,0,0,0,0,32,0,0
455,Minnesota Vikings,MIN,DST,17,CHI,2,0,1,0,0,0,0,0,24,0,0
455,Washington Redskins,WAS,DST,9,ATL,4,2,4,1,0,0,0,0,38,0,0
455,Cleveland Browns,CLE,DST,9,KC,4,2,7,1,0,0,0,0,37,0,0
455,Los Angeles Chargers,LAC,DST,11,DEN,0,0,3,0,0,0,0,0,23,0,0
455,Detroit Lions,DET,DST,10,CHI,5,1,3,0,0,0,0,0,34,0,0
478,Cincinnati Bengals,CIN,DST,6,PIT,3,0,1,0,0,0,0,0,28,-1,-1
478,Cleveland Browns,CLE,DST,6,LAC,5,1,5,1,0,0,0,0,38,-1,-1
478,Jacksonville Jaguars,JAX,DST,6,DAL,8,3,5,0,0,0,0,0,40,-1,-1
478,Cincinnati Bengals,CIN,DST,4,ATL,5,3,8,0,0,0,0,0,36,-1,-1
478,San Francisco 49ers,SF,DST,13,SEA,4,3,7,0,0,0,0,0,37,-1,-1
478,Kansas City Chiefs,KC,DST,16,SEA,9,3,9,0,0,0,0,0,38,-1,-1
478,Oakland Raiders,OAK,DST,9,SF,6,0,2,0,0,0,0,0,34,-1,-1
478,Baltimore Ravens,BAL,DST,2,CIN,6,0,4,0,0,0,0,0,34,-1,-1
486,San Francisco 49ers,SF,DST,3,KC,5,2,9,0,0,0,0,0,38,-2,-2
486,Atlanta Falcons,ATL,DST,5,PIT,1,0,4,1,0,0,0,0,35,-2,-2
486,Oakland Raiders,OAK,DST,13,KC,2,0,5,0,1,0,0,0,40,-2,-2
486,Buffalo Bills,BUF,DST,7,IND,6,0,2,0,0,1,0,0,37,-2,-2
486,Green Bay Packers,GB,DST,16,NYJ,4,2,2,0,0,0,0,0,38,-2,-2
486,Tampa Bay Buccaneers,TB,DST,9,CAR,3,2,5,0,0,0,0,0,42,-2,-2
486,Los Angeles Rams,LAR,DST,9,NO,2,0,4,0,1,0,0,0,45,-2,-2
486,New Orleans Saints,NO,DST,9,LAR,2,0,5,1,0,0,0,0,35,-2,-2
486,Seattle Seahawks,SEA,DST,10,LAR,4,2,5,0,0,0,0,0,36,-2,-2
495,Los Angeles Chargers,LAC,DST,1,KC,4,1,7,0,0,0,0,0,38,-3,-3
495,Atlanta Falcons,ATL,DST,3,NO,2,1,2,0,0,0,0,0,43,-3,-3
495,Minnesota Vikings,MIN,DST,4,LAR,5,1,2,0,0,0,0,0,38,-3,-3
495,Tampa Bay Buccaneers,TB,DST,4,CHI,6,1,3,0,0,0,0,0,48,-3,-3
495,New York Jets,NYJ,DST,7,MIN,10,1,7,0,0,0,0,0,37,-3,-3
495,San Francisco 49ers,SF,DST,7,LAR,6,1,3,0,0,0,0,0,37,-3,-3
495,Kansas City Chiefs,KC,DST,2,PIT,5,1,3,0,0,0,0,0,35,-3,-3
495,Carolina Panthers,CAR,DST,10,PIT,8,1,2,0,0,0,0,0,46,-3,-3
495,New York Jets,NYJ,DST,10,BUF,4,1,5,0,0,0,0,0,41,-3,-3
504,New Orleans Saints,NO,DST,1,TB,4,0,2,0,0,0,0,0,42,-4,-4
504,Miami Dolphins,MIA,DST,8,HOU,3,0,1,0,0,0,0,0,42,-4,-4
504,Baltimore Ravens,BAL,DST,8,CAR,5,0,4,0,0,0,0,0,36,-4,-4
504,Oakland Raiders,OAK,DST,8,IND,4,0,1,0,0,0,0,0,42,-4,-4
504,Cincinnati Bengals,CIN,DST,12,CLE,6,0,1,0,0,0,0,0,35,-4,-4
504,San Francisco 49ers,SF,DST,17,LAR,6,0,2,0,0,0,0,0,42,-4,-4
504,Tennessee Titans,TEN,DST,11,IND,2,0,0,0,0,0,0,0,38,-4,-4
504,Philadelphia Eagles,PHI,DST,11,NO,3,0,1,0,0,0,0,0,48,-4,-4
504,Cincinnati Bengals,CIN,DST,10,NO,1,0,2,0,0,0,0,0,51,-4,-4
