Rank,Name,Team,Position,Week,Opponent,PassingCompletions,PassingAttempts,PassingCompletionPercentage,PassingYards,PassingYardsPerAttempt,PassingTouchdowns,PassingInterceptions,PassingRating,RushingAttempts,RushingYards,RushingYardsPerAttempt,RushingTouchdowns,FantasyPointsPerGameFanDuel,FantasyPointsFanDuel
1,Peyton Manning,DEN,QB,1,IND,27,38,71.1,342,9,3,0,125.11,2,1,0.5,0,25.8,25.78
2,Drew Brees,NO,QB,15,CHI,28,41,68.3,333,8.1,3,0,117.23,1,2,2,0,25.5,25.52
3,Drew Brees,NO,QB,2,CLE,30,42,71.4,345,8.2,3,1,109.72,1,3,3,0,25.1,25.1
4,Andrew Luck,IND,QB,16,DAL,24,38,63.2,292,7.7,3,1,102.08,4,22,5.5,0,24.9,24.88
5,Peyton Manning,DEN,QB,8,LAC,24,34,70.6,312,9.2,3,0,128.55,1,0,0,0,24.5,24.48
6,Robert Griffin III,WAS,QB,2,JAX,23,35,65.7,266,7.6,2,0,107.56,6,58,9.7,0,24.4,24.44
7,Peyton Manning,DEN,QB,9,NE,25,37,67.6,298,8.1,3,0,118.98,1,0,0,0,23.9,23.92
8,Nick Foles,PHI,QB,4,SF,28,42,66.7,358,8.5,2,0,109.03,2,10,5,0,23.3,23.32
9,Andrew Luck,IND,QB,4,TEN,30,40,75,327,8.2,2,0,115.31,5,20,4,0,23.1,23.08
10,Tom Brady,NE,QB,2,MIN,31,44,70.5,369,8.4,2,0,110.89,2,0,0,0,22.8,22.76
11,Aaron Rodgers,GB,QB,3,DET,29,47,61.7,356,7.6,2,0,99.25,1,5,5,0,22.7,22.74
12,Colin Kaepernick,SF,QB,4,PHI,26,36,72.2,289,8,2,0,114.24,8,31,3.9,0,22.7,22.66
13,Andrew Luck,IND,QB,2,PHI,31,47,66,338,7.2,2,1,92.33,5,20,4,0,22.5,22.52
14,Andrew Luck,IND,QB,8,PIT,26,38,68.4,308,8.1,2,0,110.42,4,21,5.2,0,22.4,22.42
15,Andrew Luck,IND,QB,11,NE,27,42,64.3,307,7.3,2,0,101.98,4,20,5,0,22.3,22.28
16,Matt Ryan,ATL,QB,2,CIN,29,43,67.4,344,8,2,0,107.12,1,3,3,0,22.1,22.06
17,Colin Kaepernick,SF,QB,2,CHI,20,30,66.7,256,8.5,2,0,115.42,8,38,4.8,0,22,22.04
17,Andrew Luck,IND,QB,12,JAX,27,39,69.2,301,7.7,2,0,109.03,4,20,5,0,22,22.04
19,Andrew Luck,IND,QB,3,JAX,29,41,70.7,322,7.9,2,1,99.85,5,20,4,0,21.9,21.88
20,Peyton Manning,DEN,QB,7,SF,25,39,64.1,347,8.9,2,0,109.67,1,-1,-1,0,21.8,21.78
21,Andrew Luck,IND,QB,15,HOU,25,39,64.1,314,8.1,2,1,95.46,4,21,5.2,0,21.7,21.66
22,Drew Brees,NO,QB,11,CIN,27,41,65.9,336,8.2,2,0,107.37,1,2,2,0,21.6,21.64
22,Andrew Luck,IND,QB,7,CIN,28,43,65.1,306,7.1,2,1,91.81,5,24,4.8,0,21.6,21.64
24,Andrew Luck,IND,QB,13,WAS,26,38,68.4,290,7.6,2,0,108.44,4,20,5,0,21.6,21.6
24,Matthew Stafford,DET,QB,3,GB,26,41,63.4,355,8.7,2,1,97.1,1,4,4,0,21.6,21.6
26,Aaron Rodgers,GB,QB,2,NYJ,26,34,76.5,329,9.7,2,0,125.74,1,4,4,0,21.6,21.56
27,Matthew Stafford,DET,QB,2,CAR,26,36,72.2,330,9.2,2,0,118.98,1,3,3,0,21.5,21.5
28,Peyton Manning,DEN,QB,2,KC,26,37,70.3,335,9.1,2,0,116.39,2,0,0,0,21.4,21.4
28,Nick Foles,PHI,QB,2,IND,25,38,65.8,310,8.2,2,0,108.44,2,10,5,0,21.4,21.4
30,Joe Flacco,BAL,QB,2,PIT,29,48,60.4,352,7.3,2,1,88.19,1,3,3,0,21.4,21.38
31,Andrew Luck,IND,QB,9,NYG,27,41,65.9,301,7.3,2,1,93.65,4,23,5.8,0,21.3,21.34
32,Peyton Manning,DEN,QB,6,NYJ,27,39,69.2,334,8.6,2,0,112.55,2,-1,-0.5,0,21.3,21.26
33,Peyton Manning,DEN,QB,5,ARI,28,40,70,335,8.4,2,0,111.98,1,-2,-2,0,21.2,21.2
33,Aaron Rodgers,GB,QB,11,PHI,21,32,65.6,290,9.1,2,0,115.36,3,16,5.3,0,21.2,21.2
33,Aaron Rodgers,GB,QB,17,DET,22,33,66.7,295,8.9,2,0,115.09,3,14,4.7,0,21.2,21.2
33,Drew Brees,NO,QB,13,PIT,30,42,71.4,350,8.3,2,1,102.28,1,2,2,0,21.2,21.2
37,Matt Ryan,ATL,QB,5,NYG,24,39,61.5,342,8.8,2,1,96.31,2,5,2.5,0,21.2,21.18
38,Aaron Rodgers,GB,QB,7,CAR,23,33,69.7,281,8.5,2,0,115.85,2,19,9.5,0,21.1,21.14
39,Jay Cutler,CHI,QB,3,NYJ,24,34,70.6,318,9.4,2,0,119.49,1,4,4,0,21.1,21.12
40,Tom Brady,NE,QB,11,IND,26,39,66.7,322,8.3,2,0,109.13,1,1,1,0,21,20.98
41,Matt Ryan,ATL,QB,10,TB,25,36,69.4,334,9.3,2,1,105.56,1,6,6,0,21,20.96
42,Drew Brees,NO,QB,1,ATL,27,39,69.2,318,8.2,2,0,110.84,2,2,1,0,20.9,20.92
43,Drew Brees,NO,QB,4,DAL,28,38,73.7,313,8.2,2,0,115.35,1,3,3,0,20.8,20.82
44,Drew Brees,NO,QB,17,TB,27,39,69.2,315,8.1,2,0,110.52,1,2,2,0,20.8,20.8
45,Drew Brees,NO,QB,14,CAR,27,37,73,317,8.6,2,0,116.61,1,1,1,0,20.8,20.78
46,Andrew Luck,IND,QB,6,HOU,28,41,68.3,290,7.1,2,1,94.56,4,21,5.2,0,20.7,20.7
47,Peyton Manning,DEN,QB,13,KC,27,38,71.1,317,8.3,2,0,113.6,1,0,0,0,20.7,20.68
48,Drew Brees,NO,QB,12,BAL,28,41,68.3,314,7.7,2,0,107.16,1,1,1,0,20.7,20.66
48,Matt Ryan,ATL,QB,6,CHI,26,39,66.7,329,8.4,2,1,99.2,2,5,2.5,0,20.7,20.66
50,Tom Brady,NE,QB,9,DEN,27,39,69.2,316,8.1,2,0,110.63,1,0,0,0,20.6,20.64
51,Aaron Rodgers,GB,QB,10,CHI,25,35,71.4,277,7.9,2,0,113.63,3,15,5,0,20.6,20.58
52,Colin Kaepernick,SF,QB,1,DAL,19,30,63.3,231,7.7,2,0,109.17,6,33,5.5,0,20.5,20.54
53,Ben Roethlisberger,PIT,QB,13,NO,26,38,68.4,298,7.8,2,0,109.32,2,6,3,0,20.5,20.52
53,Russell Wilson,SEA,QB,2,LAC,19,29,65.5,218,7.5,2,0,110.99,6,38,6.3,0,20.5,20.52
55,Aaron Rodgers,GB,QB,15,BUF,23,34,67.6,275,8.1,2,0,111.76,3,15,5,0,20.5,20.5
55,Aaron Rodgers,GB,QB,16,TB,22,33,66.7,275,8.3,2,0,112.56,3,15,5,0,20.5,20.5
55,Drew Stanton,ARI,QB,2,NYG,23,38,60.5,330,8.7,2,1,95.29,1,3,3,0,20.5,20.5
58,Kirk Cousins,WAS,QB,4,NYG,26,41,63.4,297,7.2,2,0,101.37,2,6,3,0,20.5,20.48
58,Aaron Rodgers,GB,QB,13,NE,21,33,63.6,277,8.4,2,0,110.29,3,14,4.7,0,20.5,20.48
60,Drew Brees,NO,QB,5,TB,30,41,73.2,311,7.6,2,0,110.92,2,0,0,0,20.4,20.44
60,Matt Ryan,ATL,QB,15,PIT,27,40,67.5,296,7.4,2,0,105.83,1,6,6,0,20.4,20.44
60,Nick Foles,PHI,QB,3,WAS,23,37,62.2,311,8.4,2,1,95.66,2,10,5,0,20.4,20.44
63,Aaron Rodgers,GB,QB,14,ATL,24,35,68.6,273,7.8,2,0,110.77,3,15,5,0,20.4,20.42
63,Drew Brees,NO,QB,3,MIN,30,42,71.4,328,7.8,2,1,100.1,1,3,3,0,20.4,20.42
65,Philip Rivers,LAC,QB,4,JAX,26,40,65,300,7.5,2,0,104.17,1,4,4,0,20.4,20.4
65,Andy Dalton,CIN,QB,2,ATL,25,43,58.1,310,7.2,2,1,86.39,2,10,5,0,20.4,20.4
67,Andrew Luck,IND,QB,14,CLE,24,36,66.7,282,7.8,2,1,97.22,4,21,5.2,0,20.4,20.38
68,Aaron Rodgers,GB,QB,5,MIN,22,30,73.3,269,9,2,0,122.78,2,16,8,0,20.4,20.36
69,Peyton Manning,DEN,QB,15,LAC,24,36,66.7,311,8.6,2,0,112.15,1,-1,-1,0,20.3,20.34
70,Aaron Rodgers,GB,QB,8,NO,25,33,75.8,273,8.3,2,0,119.89,3,14,4.7,0,20.3,20.32
70,Matt Ryan,ATL,QB,16,NO,26,38,68.4,313,8.2,2,1,100,1,8,8,0,20.3,20.32
72,Tom Brady,NE,QB,13,GB,29,42,69,305,7.3,2,0,105.75,1,1,1,0,20.3,20.3
73,Aaron Rodgers,GB,QB,4,CHI,24,41,58.5,291,7.1,2,0,96.7,1,6,6,0,20.2,20.24
73,Ben Roethlisberger,PIT,QB,11,TEN,25,37,67.6,291,7.9,2,0,109.18,2,6,3,0,20.2,20.24
75,Russell Wilson,SEA,QB,8,CAR,19,28,67.9,200,7.1,2,0,112.2,5,42,8.4,0,20.2,20.2
76,Ben Roethlisberger,PIT,QB,4,TB,25,37,67.6,297,8,2,0,109.85,1,3,3,0,20.2,20.18
77,Nick Foles,PHI,QB,1,JAX,22,33,66.7,263,8,2,0,111.05,5,16,3.2,0,20.1,20.12
78,Aaron Rodgers,GB,QB,6,MIA,23,32,71.9,267,8.3,2,0,117.58,2,14,7,0,20.1,20.08
79,Ryan Tannehill,MIA,QB,13,NYJ,24,36,66.7,259,7.2,2,0,106.13,3,17,5.7,0,20.1,20.06
80,Tom Brady,NE,QB,3,OAK,25,34,73.5,301,8.9,2,0,119.85,2,0,0,0,20,20.04
81,Drew Brees,NO,QB,16,ATL,27,38,71.1,319,8.4,2,1,102.85,1,2,2,0,20,19.96
82,Philip Rivers,LAC,QB,3,BUF,27,40,67.5,291,7.3,2,0,105.31,1,3,3,0,19.9,19.94
83,Jay Cutler,CHI,QB,15,NO,27,41,65.9,285,7,2,1,92.02,2,15,7.5,0,19.9,19.9
84,Drew Brees,NO,QB,10,SF,26,38,68.4,294,7.7,2,0,108.88,1,1,1,0,19.9,19.86
84,Aaron Rodgers,GB,QB,12,MIN,24,34,70.6,264,7.8,2,0,112.87,2,13,6.5,0,19.9,19.86
84,Drew Brees,NO,QB,8,GB,27,43,62.8,319,7.4,2,1,91.13,1,1,1,0,19.9,19.86
87,Jake Locker,TEN,QB,2,DAL,25,41,61,306,7.5,2,1,90.09,1,6,6,0,19.8,19.84
87,Ben Roethlisberger,PIT,QB,15,ATL,27,42,64.3,306,7.3,2,1,91.96,2,6,3,0,19.8,19.84
89,Peyton Manning,DEN,QB,16,CIN,22,33,66.7,297,9,2,0,115.34,1,-1,-1,0,19.8,19.78
90,Jay Cutler,CHI,QB,14,DAL,26,40,65,285,7.1,2,1,92.19,2,13,6.5,0,19.7,19.7
91,Tom Brady,NE,QB,14,LAC,25,37,67.6,290,7.8,2,0,109.07,1,0,0,0,19.6,19.6
92,Jay Cutler,CHI,QB,4,GB,24,39,61.5,300,7.7,2,1,91.83,1,5,5,0,19.5,19.5
92,Jay Cutler,CHI,QB,12,TB,26,39,66.7,275,7.1,2,1,93.43,3,15,5,0,19.5,19.5
94,Tom Brady,NE,QB,16,NYJ,25,36,69.4,286,7.9,2,0,111.57,1,0,0,0,19.4,19.44
95,Philip Rivers,LAC,QB,15,DEN,25,37,67.6,273,7.4,2,0,107.15,2,5,2.5,0,19.4,19.42
96,Tom Brady,NE,QB,8,CHI,24,35,68.6,282,8.1,2,0,111.85,1,1,1,0,19.4,19.38
96,Ben Roethlisberger,PIT,QB,10,NYJ,26,36,72.2,272,7.6,2,0,112.27,1,5,5,0,19.4,19.38
98,Matt Ryan,ATL,QB,3,TB,22,34,64.7,274,8.1,2,0,109.19,1,4,4,0,19.4,19.36
99,Tom Brady,NE,QB,4,KC,26,38,68.4,283,7.4,2,0,107.68,2,0,0,0,19.3,19.32
100,Peyton Manning,DEN,QB,10,OAK,27,36,75,285,7.9,2,0,116.09,2,-1,-0.5,0,19.3,19.3
101,Matt Ryan,ATL,QB,4,MIN,22,32,68.8,272,8.5,2,0,115.62,1,4,4,0,19.3,19.28
102,Peyton Manning,DEN,QB,14,BUF,24,36,66.7,304,8.4,2,1,99.77,1,0,0,0,19.2,19.16
103,Philip Rivers,LAC,QB,8,DEN,23,35,65.7,296,8.5,2,1,99.23,2,3,1.5,0,19.1,19.14
104,Peyton Manning,DEN,QB,11,LAR,28,40,70,283,7.1,2,0,106.56,1,-2,-2,0,19.1,19.12
104,Matthew Stafford,DET,QB,1,NYG,23,38,60.5,293,7.7,2,1,91.23,2,4,2,0,19.1,19.12
106,Peyton Manning,DEN,QB,12,MIA,27,40,67.5,305,7.6,2,1,96.35,1,-1,-1,0,19.1,19.1
107,Ben Roethlisberger,PIT,QB,2,BAL,24,37,64.9,294,7.9,2,1,96,1,3,3,0,19.1,19.06
108,Drew Brees,NO,QB,9,CAR,26,36,72.2,296,8.2,2,1,103.47,1,2,2,0,19,19.04
109,Jay Cutler,CHI,QB,7,MIA,25,37,67.6,258,7,2,1,94.2,3,17,5.7,0,19,19.02
110,Jay Cutler,CHI,QB,5,CAR,25,38,65.8,264,6.9,2,1,92.43,2,14,7,0,19,18.96
111,Cam Newton,CAR,QB,3,PIT,23,34,67.6,268,7.9,1,0,101.1,6,42,7,0,18.9,18.92
112,Russell Wilson,SEA,QB,5,WAS,18,26,69.2,199,7.7,2,0,117.31,5,29,5.8,0,18.9,18.86
113,Eli Manning,NYG,QB,15,WAS,23,36,63.9,262,7.3,2,0,104.17,1,2,2,0,18.7,18.68
113,Jay Cutler,CHI,QB,1,BUF,22,35,62.9,262,7.5,2,1,92.8,2,12,6,0,18.7,18.68
115,Tony Romo,DAL,QB,13,PHI,22,33,66.7,258,7.8,2,0,110.42,1,3,3,0,18.6,18.62
115,Peyton Manning,DEN,QB,17,OAK,23,34,67.6,268,7.9,2,0,110.91,2,-1,-0.5,0,18.6,18.62
117,Aaron Rodgers,GB,QB,1,SEA,22,34,64.7,257,7.6,2,1,94.85,3,13,4.3,0,18.6,18.58
118,Tom Brady,NE,QB,7,NYJ,24,34,70.6,261,7.7,2,0,112.5,2,1,0.5,0,18.5,18.54
118,Matthew Stafford,DET,QB,4,NYJ,25,36,69.4,281,7.8,2,1,99.42,1,3,3,0,18.5,18.54
118,Eli Manning,NYG,QB,17,PHI,24,38,63.2,286,7.5,2,1,92.65,1,1,1,0,18.5,18.54
121,Tony Romo,DAL,QB,1,SF,25,39,64.1,282,7.2,2,1,92.04,2,2,1,0,18.5,18.48
121,Philip Rivers,LAC,QB,9,MIA,25,37,67.6,277,7.5,2,1,96.34,2,4,2,0,18.5,18.48
123,Philip Rivers,LAC,QB,5,NYJ,25,35,71.4,253,7.2,2,0,110.77,2,3,1.5,0,18.4,18.42
124,Tony Romo,DAL,QB,8,WAS,21,32,65.6,255,8,2,0,110.81,1,2,2,0,18.4,18.4
124,Tony Romo,DAL,QB,15,PHI,21,34,61.8,255,7.5,2,0,104.41,1,2,2,0,18.4,18.4
126,Tony Romo,DAL,QB,16,IND,22,32,68.8,254,7.9,2,0,113.28,1,2,2,0,18.4,18.36
127,Peyton Manning,DEN,QB,3,SEA,23,37,62.2,283,7.6,2,1,92.51,2,0,0,0,18.3,18.32
128,Philip Rivers,LAC,QB,7,KC,22,33,66.7,240,7.3,2,0,108.14,3,7,2.3,0,18.3,18.3
129,Mark Sanchez,PHI,QB,15,DAL,22,35,62.9,267,7.6,2,1,93.39,3,6,2,0,18.3,18.28
130,Tony Romo,DAL,QB,14,CHI,21,31,67.7,250,8.1,2,0,113.64,1,2,2,0,18.2,18.2
130,Tony Romo,DAL,QB,2,TEN,25,38,65.8,275,7.2,2,1,93.64,2,2,1,0,18.2,18.2
132,Eli Manning,NYG,QB,4,WAS,23,35,65.7,270,7.7,2,1,96.13,1,3,3,0,18.1,18.1
133,Tony Romo,DAL,QB,17,WAS,22,31,71,247,8,2,0,115.93,1,2,2,0,18.1,18.08
134,Colin Kaepernick,SF,QB,11,NYG,20,32,62.5,239,7.5,1,0,95.7,6,45,7.5,0,18.1,18.06
135,Tony Romo,DAL,QB,12,NYG,22,33,66.7,241,7.3,2,0,108.27,1,4,4,0,18,18.04
135,Mark Sanchez,PHI,QB,16,WAS,22,33,66.7,266,8.1,2,1,98.8,2,4,2,0,18,18.04
137,Robert Griffin III,WAS,QB,16,PHI,20,31,64.5,265,8.5,1,0,102.22,5,34,6.8,0,18,18
138,Cam Newton,CAR,QB,2,DET,21,30,70,243,8.1,1,0,105.28,7,42,6,0,17.9,17.92
139,Colin Kaepernick,SF,QB,10,NO,22,34,64.7,245,7.2,1,0,95.83,6,41,6.8,0,17.9,17.9
140,Robert Griffin III,WAS,QB,11,TB,23,34,67.6,248,7.3,1,0,98.65,6,39,6.5,0,17.8,17.82
141,Mark Sanchez,PHI,QB,10,CAR,25,38,65.8,257,6.8,2,1,91.67,2,4,2,0,17.7,17.68
142,Philip Rivers,LAC,QB,11,OAK,22,33,66.7,234,7.1,2,0,107.39,1,3,3,0,17.7,17.66
142,Russell Wilson,SEA,QB,12,ARI,18,29,62.1,224,7.7,1,0,97.49,7,47,6.7,0,17.7,17.66
144,Michael Vick,NYJ,QB,10,PIT,21,35,60,256,7.3,1,1,80.18,7,43,6.1,0,17.5,17.54
145,Eli Manning,NYG,QB,6,PHI,24,37,64.9,260,7,2,1,92.17,2,1,0.5,0,17.5,17.5
146,Cam Newton,CAR,QB,4,BAL,23,36,63.9,277,7.7,1,0,96.64,6,23,3.8,0,17.4,17.38
147,Russell Wilson,SEA,QB,14,PHI,18,28,64.3,218,7.8,1,0,100,7,46,6.6,0,17.3,17.32
148,Russell Wilson,SEA,QB,17,LAR,18,28,64.3,204,7.3,1,0,97.92,7,51,7.3,0,17.3,17.26
149,Ben Roethlisberger,PIT,QB,14,CIN,26,43,60.5,316,7.3,1,0,90.84,2,6,3,0,17.2,17.24
150,Philip Rivers,LAC,QB,6,OAK,23,31,74.2,218,7,2,0,114.72,2,5,2.5,0,17.2,17.22
151,Ben Roethlisberger,PIT,QB,17,CIN,25,39,64.1,315,8.1,1,0,97.7,2,6,3,0,17.2,17.2
152,Cam Newton,CAR,QB,10,PHI,20,33,60.6,246,7.5,1,0,93.75,6,33,5.5,0,17.1,17.14
153,Robert Griffin III,WAS,QB,17,DAL,20,32,62.5,252,7.9,1,0,97.4,4,30,7.5,0,17.1,17.08
154,Colin Kaepernick,SF,QB,7,DEN,22,34,64.7,234,6.9,1,0,94.49,7,37,5.3,0,17.1,17.06
155,Cam Newton,CAR,QB,8,SEA,22,34,64.7,238,7,1,0,94.98,6,35,5.8,0,17,17.02
156,Russell Wilson,SEA,QB,11,KC,16,27,59.3,207,7.7,1,0,95.76,6,47,7.8,0,17,16.98
157,Zach Mettenberger,TEN,QB,14,NYG,19,32,59.4,216,6.8,2,0,100.52,1,3,3,0,16.9,16.94
158,Eli Manning,NYG,QB,9,IND,22,34,64.7,245,7.2,2,1,93.38,2,1,0.5,0,16.9,16.9
159,Russell Wilson,SEA,QB,13,SF,18,27,66.7,202,7.5,1,0,101.16,7,48,6.9,0,16.9,16.88
160,Colin Kaepernick,SF,QB,12,WAS,19,29,65.5,219,7.6,1,0,99.64,6,41,6.8,0,16.9,16.86
161,Andrew Luck,IND,QB,5,BAL,28,40,70,271,6.8,1,0,96.98,3,19,6.3,0,16.7,16.74
162,Ryan Tannehill,MIA,QB,14,BAL,24,34,70.6,278,8.2,1,0,104.78,3,16,5.3,0,16.7,16.72
162,Matt Ryan,ATL,QB,17,CAR,26,37,70.3,303,8.2,1,0,103.77,1,6,6,0,16.7,16.72
164,Tony Romo,DAL,QB,4,NO,21,36,58.3,235,6.5,2,1,84.84,1,3,3,0,16.7,16.7
165,Russell Wilson,SEA,QB,15,SF,18,27,66.7,196,7.3,1,0,100.23,7,48,6.9,0,16.6,16.64
166,Colin Kaepernick,SF,QB,5,KC,18,29,62.1,198,6.8,1,0,93.75,8,47,5.9,0,16.6,16.62
167,Jay Cutler,CHI,QB,2,SF,30,50,60,355,7.1,1,2,71.67,1,4,4,0,16.6,16.6
168,Matthew Stafford,DET,QB,16,CHI,24,36,66.7,302,8.4,1,0,101.85,2,5,2.5,0,16.6,16.58
169,Robert Griffin III,WAS,QB,9,MIN,23,33,69.7,244,7.4,1,0,101.07,4,28,7,0,16.6,16.56
169,Colin Kaepernick,SF,QB,14,OAK,19,28,67.9,214,7.6,1,0,102.38,7,40,5.7,0,16.6,16.56
171,Russell Wilson,SEA,QB,10,NYG,18,28,64.3,206,7.4,1,0,98.21,6,43,7.2,0,16.5,16.54
172,Ben Roethlisberger,PIT,QB,9,BAL,28,39,71.8,297,7.6,1,0,102.19,2,6,3,0,16.5,16.48
172,Ryan Tannehill,MIA,QB,2,BUF,20,35,57.1,212,6.1,2,1,82.08,2,10,5,0,16.5,16.48
174,Cam Newton,CAR,QB,17,ATL,22,33,66.7,241,7.3,1,1,85.54,7,38,5.4,0,16.4,16.44
175,Colin Kaepernick,SF,QB,13,SEA,20,32,62.5,213,6.7,1,0,92.32,6,39,6.5,0,16.4,16.42
176,Cam Newton,CAR,QB,11,ATL,20,32,62.5,224,7,1,0,93.75,7,34,4.9,0,16.4,16.36
177,Cam Newton,CAR,QB,14,NO,21,36,58.3,246,6.8,1,1,76.85,6,35,5.8,0,16.3,16.34
178,Cam Newton,CAR,QB,13,MIN,22,34,64.7,223,6.6,1,0,93.14,6,34,5.7,0,16.3,16.32
179,Cam Newton,CAR,QB,6,CIN,21,35,60,260,7.4,1,1,80.65,3,29,9.7,0,16.3,16.3
180,Matt Ryan,ATL,QB,14,GB,27,41,65.9,317,7.7,1,1,87.14,1,6,6,0,16.3,16.28
181,Ben Roethlisberger,PIT,QB,16,KC,26,40,65,289,7.2,1,0,94.69,2,7,3.5,0,16.3,16.26
181,Josh McCown,TB,QB,12,CHI,22,34,64.7,279,8.2,1,0,100,2,11,5.5,0,16.3,16.26
183,Colin Kaepernick,SF,QB,9,LAR,21,30,70,201,6.7,1,0,99.44,7,42,6,0,16.2,16.24
184,Drew Stanton,ARI,QB,5,DEN,24,39,61.5,280,7.2,1,0,91.83,1,10,10,0,16.2,16.2
185,Colin Kaepernick,SF,QB,3,ARI,21,32,65.6,237,7.4,1,1,85.03,8,37,4.6,0,16.2,16.18
185,Kirk Cousins,WAS,QB,6,ARI,24,38,63.2,312,8.2,1,1,86.73,1,7,7,0,16.2,16.18
187,Matt Ryan,ATL,QB,1,NO,25,38,65.8,289,7.6,1,0,97.37,2,6,3,0,16.2,16.16
187,Josh McCown,TB,QB,11,WAS,23,38,60.5,269,7.1,1,0,90.79,2,14,7,0,16.2,16.16
187,Josh McCown,TB,QB,2,LAR,27,43,62.8,299,7,1,0,91.13,2,2,1,0,16.2,16.16
190,Philip Rivers,LAC,QB,14,NE,25,39,64.1,291,7.5,1,0,95.14,2,5,2.5,0,16.1,16.14
191,Andrew Luck,IND,QB,1,DEN,23,37,62.2,280,7.6,1,1,83.16,4,19,4.8,0,16.1,16.1
191,Robert Griffin III,WAS,QB,12,SF,21,33,63.6,245,7.4,1,1,83.52,5,33,6.6,0,16.1,16.1
193,Matthew Stafford,DET,QB,6,MIN,23,36,63.9,284,7.9,1,0,97.45,2,7,3.5,0,16.1,16.06
193,Matt Ryan,ATL,QB,7,BAL,26,41,63.4,314,7.7,1,1,84.81,1,5,5,0,16.1,16.06
195,Ben Roethlisberger,PIT,QB,7,HOU,24,38,63.2,280,7.4,1,0,94.19,1,8,8,0,16,16
196,Jake Locker,TEN,QB,5,CLE,18,30,60,246,8.2,1,0,97.36,3,21,7,0,15.9,15.94
197,Matthew Stafford,DET,QB,13,CHI,26,40,65,283,7.1,1,0,94.06,2,6,3,0,15.9,15.92
198,Colin Kaepernick,SF,QB,6,LAR,19,28,67.9,180,6.4,1,0,97.32,8,47,5.9,0,15.9,15.9
198,Ryan Fitzpatrick,HOU,QB,15,IND,18,30,60,255,8.5,1,0,98.61,4,17,4.2,0,15.9,15.9
198,Blake Bortles,JAX,QB,12,IND,22,38,57.9,275,7.2,1,1,78.29,3,19,6.3,0,15.9,15.9
201,Derek Carr,OAK,QB,11,LAC,23,41,56.1,277,6.8,1,0,85.11,1,8,8,0,15.9,15.88
202,Josh McCown,TB,QB,13,CIN,23,42,54.8,279,6.6,1,1,73.41,3,17,5.7,0,15.9,15.86
203,Andy Dalton,CIN,QB,3,TEN,24,36,66.7,271,7.5,1,0,98.26,2,10,5,0,15.8,15.84
204,Alex Smith,KC,QB,5,SF,20,31,64.5,253,8.2,1,0,100.6,4,17,4.2,0,15.8,15.82
204,Colin Kaepernick,SF,QB,16,LAC,17,27,63,208,7.7,1,0,99,6,35,5.8,0,15.8,15.82
206,Matt Ryan,ATL,QB,13,ARI,25,40,62.5,305,7.6,1,1,83.85,1,6,6,0,15.8,15.8
207,Ryan Tannehill,MIA,QB,9,LAC,21,33,63.6,237,7.2,1,0,95.14,4,23,5.8,0,15.8,15.78
208,Ryan Tannehill,MIA,QB,15,NE,23,38,60.5,254,6.7,1,0,89.14,3,16,5.3,0,15.8,15.76
209,Teddy Bridgewater,MIN,QB,17,CHI,22,33,66.7,251,7.6,1,0,99.43,3,17,5.7,0,15.7,15.74
210,Matt Ryan,ATL,QB,8,DET,27,44,61.4,308,7,1,1,80.49,1,4,4,0,15.7,15.72
211,Russell Wilson,SEA,QB,7,LAR,17,25,68,210,8.4,1,0,107.08,5,33,6.6,0,15.7,15.7
211,Teddy Bridgewater,MIN,QB,13,CAR,22,35,62.9,255,7.3,1,0,94.35,3,15,5,0,15.7,15.7
211,Ryan Tannehill,MIA,QB,17,NYJ,24,36,66.7,245,6.8,1,0,95.25,4,19,4.8,0,15.7,15.7
211,Cam Newton,CAR,QB,7,GB,23,34,67.6,220,6.5,1,1,82.97,10,39,3.9,0,15.7,15.7
215,Alex Smith,KC,QB,3,MIA,23,35,65.7,249,7.1,1,0,96.01,4,17,4.2,0,15.7,15.66
215,Joe Flacco,BAL,QB,3,CLE,27,43,62.8,309,7.2,1,1,82.41,1,3,3,0,15.7,15.66
217,Ryan Tannehill,MIA,QB,16,MIN,23,36,63.9,236,6.6,1,0,91.9,4,22,5.5,0,15.6,15.64
218,Ryan Tannehill,MIA,QB,8,JAX,23,34,67.6,248,7.3,1,0,98.65,3,17,5.7,0,15.6,15.62
219,Matthew Stafford,DET,QB,15,MIN,25,36,69.4,275,7.6,1,0,101.04,2,6,3,0,15.6,15.6
220,Philip Rivers,LAC,QB,13,BAL,25,37,67.6,282,7.6,1,0,99.16,2,3,1.5,0,15.6,15.58
221,Jay Cutler,CHI,QB,10,GB,23,35,65.7,271,7.7,1,1,86.73,3,17,5.7,0,15.5,15.54
222,Robert Griffin III,WAS,QB,1,HOU,19,31,61.3,233,7.5,1,1,81.79,6,32,5.3,0,15.5,15.52
223,Nick Foles,PHI,QB,8,ARI,24,37,64.9,292,7.9,1,1,86.77,2,8,4,0,15.5,15.48
224,Matthew Stafford,DET,QB,8,ATL,23,35,65.7,271,7.7,1,0,98.63,2,6,3,0,15.4,15.44
225,Ben Roethlisberger,PIT,QB,8,IND,23,36,63.9,268,7.4,1,0,95.6,2,7,3.5,0,15.4,15.42
225,Nick Foles,PHI,QB,9,HOU,27,42,64.3,288,6.9,1,1,82.24,2,9,4.5,0,15.4,15.42
227,Russell Wilson,SEA,QB,1,GB,16,26,61.5,215,8.3,1,0,100.64,5,28,5.6,0,15.4,15.4
227,Blake Bortles,JAX,QB,14,HOU,20,34,58.8,245,7.2,1,1,78.68,4,26,6.5,0,15.4,15.4
229,Tom Brady,NE,QB,5,CIN,23,38,60.5,282,7.4,1,0,92.21,1,1,1,0,15.4,15.38
229,EJ Manuel,BUF,QB,4,HOU,21,39,53.8,272,7,1,1,73.88,3,15,5,0,15.4,15.38
229,Ryan Tannehill,MIA,QB,12,DEN,24,37,64.9,272,7.4,1,1,84.52,3,15,5,0,15.4,15.38
232,Matthew Stafford,DET,QB,7,NO,22,34,64.7,266,7.8,1,0,98.41,2,7,3.5,0,15.3,15.34
232,Cam Newton,CAR,QB,9,NO,21,33,63.6,226,6.8,1,1,81.12,6,33,5.5,0,15.3,15.34
234,Alex Smith,KC,QB,1,TEN,21,33,63.6,230,7,1,0,94.26,4,21,5.2,0,15.3,15.3
234,Ben Roethlisberger,PIT,QB,5,JAX,25,36,69.4,270,7.5,1,0,100.46,2,5,2.5,0,15.3,15.3
234,Russell Wilson,SEA,QB,6,DAL,19,28,67.9,190,6.8,1,0,98.81,7,37,5.3,0,15.3,15.3
234,Kyle Orton,BUF,QB,8,NYJ,24,38,63.2,270,7.1,1,0,93.09,1,5,5,0,15.3,15.3
238,Matt Ryan,ATL,QB,11,CAR,24,35,68.6,292,8.3,1,1,91.61,1,6,6,0,15.3,15.28
238,Jay Cutler,CHI,QB,17,MIN,24,35,68.6,277,7.9,1,1,89.82,2,12,6,0,15.3,15.28
240,Jake Locker,TEN,QB,15,NYJ,20,34,58.8,229,6.7,1,0,88.97,3,21,7,0,15.3,15.26
240,Jay Cutler,CHI,QB,13,DET,25,37,67.6,279,7.5,1,1,87.56,2,11,5.5,0,15.3,15.26
242,Tom Brady,NE,QB,15,MIA,25,37,67.6,276,7.5,1,0,98.48,1,2,2,0,15.2,15.24
243,Derek Carr,OAK,QB,13,LAR,22,37,59.5,260,7,1,0,89.92,2,8,4,0,15.2,15.2
243,Philip Rivers,LAC,QB,17,KC,26,41,63.4,265,6.5,1,0,89.99,2,6,3,0,15.2,15.2
245,Jay Cutler,CHI,QB,8,NE,24,37,64.9,262,7.1,1,1,83.39,3,17,5.7,0,15.2,15.18
246,Alex Smith,KC,QB,7,LAC,21,32,65.6,239,7.5,1,0,98.31,4,16,4,0,15.2,15.16
246,Tony Romo,DAL,QB,6,SEA,25,38,65.8,274,7.2,1,0,95.72,2,2,1,0,15.2,15.16
246,Ryan Fitzpatrick,HOU,QB,9,PHI,19,32,59.4,244,7.6,1,0,93.75,3,14,4.7,0,15.2,15.16
249,Tom Brady,NE,QB,1,MIA,24,38,63.2,276,7.3,1,0,93.75,2,1,0.5,0,15.1,15.14
249,Austin Davis,LAR,QB,8,KC,21,34,61.8,256,7.5,1,0,94.73,2,9,4.5,0,15.1,15.14
251,Tom Brady,NE,QB,6,BUF,23,36,63.9,278,7.7,1,0,96.76,2,0,0,0,15.1,15.12
251,Tom Brady,NE,QB,12,DET,24,36,66.7,278,7.7,1,0,99.07,2,0,0,0,15.1,15.12
251,Blake Bortles,JAX,QB,6,TEN,21,37,56.8,273,7.4,1,1,77.87,3,12,4,0,15.1,15.12
254,Ben Roethlisberger,PIT,QB,6,CLE,25,36,69.4,265,7.4,1,0,99.88,2,5,2.5,0,15.1,15.1
255,Colt McCoy,WAS,QB,13,IND,20,32,62.5,247,7.7,1,0,96.74,3,12,4,0,15.1,15.08
255,Drew Brees,NO,QB,7,DET,29,43,67.4,302,7,1,1,85.61,1,0,0,0,15.1,15.08
255,Blake Bortles,JAX,QB,13,NYG,19,32,59.4,237,7.4,1,1,79.82,4,26,6.5,0,15.1,15.08
255,Ryan Tannehill,MIA,QB,11,BUF,23,37,62.2,247,6.7,1,1,79.45,4,22,5.5,0,15.1,15.08
259,Russell Wilson,SEA,QB,9,OAK,19,27,70.4,184,6.8,1,0,101.47,5,37,7.4,0,15.1,15.06
259,Alex Smith,KC,QB,16,PIT,21,32,65.6,234,7.3,1,0,97.66,3,17,5.7,0,15.1,15.06
259,Matthew Stafford,DET,QB,5,BUF,24,36,66.7,289,8,1,1,88.77,3,5,1.7,0,15.1,15.06
262,Kyle Orton,BUF,QB,15,GB,26,41,63.4,266,6.5,1,0,90.09,1,4,4,0,15,15.04
263,Ben Roethlisberger,PIT,QB,1,CLE,24,36,66.7,263,7.3,1,0,97.34,2,5,2.5,0,15,15.02
263,Derek Carr,OAK,QB,10,DEN,24,41,58.5,278,6.8,1,1,77.08,2,9,4.5,0,15,15.02
263,Matthew Stafford,DET,QB,17,GB,23,37,62.2,288,7.8,1,1,84.07,2,5,2.5,0,15,15.02
266,Blake Bortles,JAX,QB,8,MIA,22,35,62.9,245,7,1,1,81.25,3,22,7.3,0,15,15
267,Chad Henne,JAX,QB,2,WAS,23,35,65.7,267,7.6,1,0,98.15,1,3,3,0,15,14.98
267,Drew Stanton,ARI,QB,12,SEA,21,34,61.8,237,7,1,0,92.4,3,15,5,0,15,14.98
267,Jay Cutler,CHI,QB,11,MIN,23,36,63.9,257,7.1,1,1,82.75,3,17,5.7,0,15,14.98
267,Matthew Stafford,DET,QB,12,NE,24,41,58.5,287,7,1,1,78,2,5,2.5,0,15,14.98
271,Derek Carr,OAK,QB,12,KC,21,38,55.3,249,6.6,1,0,84.21,2,10,5,0,15,14.96
271,Blake Bortles,JAX,QB,7,CLE,25,40,62.5,264,6.6,1,1,79.58,2,14,7,0,15,14.96
273,Charlie Whitehurst,TEN,QB,6,JAX,21,33,63.6,255,7.7,1,0,97.41,2,7,3.5,0,14.9,14.9
273,Alex Smith,KC,QB,13,DEN,22,35,62.9,230,6.6,1,0,91.37,3,17,5.7,0,14.9,14.9
275,Josh McCown,TB,QB,10,ATL,21,36,58.3,247,6.9,1,0,88.54,2,10,5,0,14.9,14.88
276,Derek Carr,OAK,QB,7,ARI,22,38,57.9,274,7.2,1,1,78.18,3,9,3,0,14.9,14.86
276,Mark Sanchez,PHI,QB,13,DAL,26,42,61.9,289,6.9,1,1,80.36,3,3,1,0,14.9,14.86
276,Cam Newton,CAR,QB,16,CLE,19,32,59.4,219,6.8,1,1,77.47,6,31,5.2,0,14.9,14.86
276,Blake Bortles,JAX,QB,10,DAL,22,37,59.5,234,6.3,1,1,75.73,3,25,8.3,0,14.9,14.86
280,Mike Glennon,TB,QB,5,NO,22,37,59.5,261,7.1,1,0,90.03,2,4,2,0,14.8,14.84
281,Austin Davis,LAR,QB,7,SEA,24,40,60,282,7,1,1,79.38,1,5,5,0,14.8,14.78
281,Nick Foles,PHI,QB,6,NYG,24,38,63.2,267,7,1,1,81.8,3,11,3.7,0,14.8,14.78
281,Matthew Stafford,DET,QB,11,ARI,24,40,60,282,7,1,1,79.38,2,5,2.5,0,14.8,14.78
284,Mike Glennon,TB,QB,9,CLE,21,35,60,259,7.4,1,0,92.44,1,4,4,0,14.8,14.76
285,Joe Flacco,BAL,QB,10,TEN,22,34,64.7,256,7.5,1,0,97.18,2,5,2.5,0,14.7,14.74
286,Matt Ryan,ATL,QB,12,CLE,24,38,63.2,277,7.3,1,1,82.89,1,6,6,0,14.7,14.68
287,Ben Roethlisberger,PIT,QB,3,CAR,23,38,60.5,284,7.5,1,1,81.47,1,3,3,0,14.7,14.66
287,Blake Bortles,JAX,QB,5,PIT,23,34,67.6,259,7.6,1,1,87.75,2,13,6.5,0,14.7,14.66
287,Alex Smith,KC,QB,2,DEN,21,35,60,234,6.7,1,1,77.56,4,23,5.8,0,14.7,14.66
290,Kyle Orton,BUF,QB,10,KC,21,33,63.6,251,7.6,1,0,96.91,1,6,6,0,14.6,14.64
291,Blake Bortles,JAX,QB,16,TEN,21,34,61.8,223,6.6,1,1,78.43,4,27,6.8,0,14.6,14.62
292,Matthew Stafford,DET,QB,10,MIA,24,40,60,275,6.9,1,1,78.65,3,6,2,0,14.6,14.6
293,Nick Foles,PHI,QB,5,LAR,22,34,64.7,227,6.7,1,0,93.63,3,15,5,0,14.6,14.58
293,Andy Dalton,CIN,QB,17,PIT,21,31,67.7,242,7.8,1,0,101.81,3,9,3,0,14.6,14.58
295,Colt McCoy,WAS,QB,15,NYG,22,36,61.1,239,6.6,1,0,89.93,3,10,3.3,0,14.6,14.56
295,Ryan Fitzpatrick,HOU,QB,5,DAL,21,34,61.8,249,7.3,1,1,81.62,3,16,5.3,0,14.6,14.56
297,Brian Hoyer,CLE,QB,6,PIT,22,35,62.9,256,7.3,1,0,94.46,1,3,3,0,14.5,14.54
297,Kyle Orton,BUF,QB,14,DEN,22,35,62.9,256,7.3,1,0,94.46,1,3,3,0,14.5,14.54
297,Joe Flacco,BAL,QB,6,TB,24,37,64.9,276,7.5,1,1,84.97,2,5,2.5,0,14.5,14.54
297,Ryan Tannehill,MIA,QB,10,DET,23,37,62.2,241,6.5,1,1,78.77,3,19,6.3,0,14.5,14.54
301,Kyle Orton,BUF,QB,12,NYJ,23,37,62.2,253,6.8,1,0,91.39,1,4,4,0,14.5,14.52
302,Teddy Bridgewater,MIN,QB,14,NYJ,19,29,65.5,235,8.1,1,0,101.94,3,11,3.7,0,14.5,14.5
302,Kirk Cousins,WAS,QB,5,SEA,24,40,60,270,6.8,1,1,78.12,2,7,3.5,0,14.5,14.5
304,Russell Wilson,SEA,QB,3,DEN,17,26,65.4,207,8,1,0,102.56,3,22,7.3,0,14.5,14.48
305,Ryan Tannehill,MIA,QB,7,CHI,22,35,62.9,254,7.3,1,1,82.32,3,13,4.3,0,14.5,14.46
305,Cam Newton,CAR,QB,5,CHI,22,33,66.7,229,6.9,1,1,84.03,3,23,7.7,0,14.5,14.46
307,Kirk Cousins,WAS,QB,3,PHI,21,35,60,246,7,1,0,90.89,2,6,3,0,14.4,14.44
307,Matthew Stafford,DET,QB,14,TB,27,40,67.5,271,6.8,1,1,84.48,2,6,3,0,14.4,14.44
309,Jay Cutler,CHI,QB,6,ATL,24,36,66.7,248,6.9,1,1,84.03,3,15,5,0,14.4,14.42
309,Teddy Bridgewater,MIN,QB,8,TB,20,31,64.5,248,8,1,1,86.49,3,15,5,0,14.4,14.42
311,Geno Smith,NYJ,QB,1,OAK,19,30,63.3,212,7.1,1,0,95.42,4,19,4.8,0,14.4,14.38
311,Philip Rivers,LAC,QB,12,LAR,23,34,67.6,252,7.4,1,0,99.14,2,3,1.5,0,14.4,14.38
313,Shaun Hill,LAR,QB,12,LAC,20,33,60.6,239,7.2,1,0,92.87,1,8,8,0,14.4,14.36
314,Charlie Whitehurst,TEN,QB,17,IND,21,33,63.6,241,7.3,1,0,95.64,2,7,3.5,0,14.3,14.34
315,Austin Davis,LAR,QB,9,SF,22,35,62.9,238,6.8,1,0,92.32,2,8,4,0,14.3,14.32
315,Derek Carr,OAK,QB,4,MIA,22,36,61.1,248,6.9,1,1,79.4,3,14,4.7,0,14.3,14.32
315,Drew Stanton,ARI,QB,13,ATL,21,35,60,243,6.9,1,1,78.63,3,16,5.3,0,14.3,14.32
315,Shaun Hill,LAR,QB,11,DEN,22,36,61.1,258,7.2,1,1,80.56,2,10,5,0,14.3,14.32
319,Brian Hoyer,CLE,QB,14,IND,21,37,56.8,250,6.8,1,0,86.54,2,3,1.5,0,14.3,14.3
320,Andy Dalton,CIN,QB,9,JAX,23,34,67.6,232,6.8,1,0,96.69,4,10,2.5,0,14.3,14.28
321,Drew Stanton,ARI,QB,6,WAS,10,15,66.7,229,15.3,1,0,131.94,1,11,11,0,14.3,14.26
321,Carson Palmer,ARI,QB,1,LAC,24,35,68.6,279,8,1,1,90.06,1,1,1,0,14.3,14.26
321,Ryan Tannehill,MIA,QB,6,GB,23,37,62.2,244,6.6,1,1,79.11,3,15,5,0,14.3,14.26
324,Brian Hoyer,CLE,QB,9,TB,19,30,63.3,251,8.4,1,0,100.83,2,2,1,0,14.2,14.24
324,Alex Smith,KC,QB,10,BUF,22,32,68.8,221,6.9,1,0,98.57,2,14,7,0,14.2,14.24
324,Mark Sanchez,PHI,QB,17,NYG,24,39,61.5,266,6.8,1,1,79.65,3,6,2,0,14.2,14.24
324,Geno Smith,NYJ,QB,4,DET,19,33,57.6,236,7.2,1,2,64.71,6,28,4.7,0,14.2,14.24
328,Derek Carr,OAK,QB,8,CLE,20,33,60.6,258,7.8,1,1,82.64,1,9,9,0,14.2,14.22
328,Derek Carr,OAK,QB,17,DEN,23,38,60.5,263,6.9,1,1,79.17,1,7,7,0,14.2,14.22
330,Joe Flacco,BAL,QB,9,PIT,21,33,63.6,244,7.4,1,0,96.02,1,4,4,0,14.2,14.16
330,Shaun Hill,LAR,QB,14,WAS,19,31,61.3,234,7.5,1,0,95.36,1,8,8,0,14.2,14.16
332,Ryan Tannehill,MIA,QB,1,NE,22,36,61.1,246,6.8,1,1,79.17,3,13,4.3,0,14.1,14.14
332,Carson Palmer,ARI,QB,8,PHI,23,38,60.5,276,7.3,1,1,80.59,1,1,1,0,14.1,14.14
332,Colt McCoy,WAS,QB,8,DAL,22,35,62.9,246,7,1,1,81.37,3,13,4.3,0,14.1,14.14
335,Ryan Fitzpatrick,HOU,QB,14,JAX,21,30,70,213,7.1,1,0,101.11,3,16,5.3,0,14.1,14.12
336,Charlie Whitehurst,TEN,QB,7,WAS,21,32,65.6,240,7.5,1,0,98.44,2,5,2.5,0,14.1,14.1
337,Josh McCown,TB,QB,16,GB,19,33,57.6,242,7.3,1,1,78.09,2,14,7,0,14.1,14.08
338,Philip Rivers,LAC,QB,16,SF,23,35,65.7,264,7.5,1,1,85.89,2,5,2.5,0,14.1,14.06
339,Tony Romo,DAL,QB,5,HOU,23,32,71.9,241,7.5,1,0,103.78,2,4,2,0,14,14.04
339,Joe Flacco,BAL,QB,13,LAC,20,32,62.5,241,7.5,1,0,95.96,2,4,2,0,14,14.04
339,Philip Rivers,LAC,QB,1,ARI,24,37,64.9,271,7.3,1,1,84.4,2,2,1,0,14,14.04
339,Austin Davis,LAR,QB,6,SF,23,38,60.5,261,6.9,1,1,78.95,1,6,6,0,14,14.04
339,Joe Flacco,BAL,QB,8,CIN,21,34,61.8,261,7.7,1,1,83.09,2,6,3,0,14,14.04
344,Alex Smith,KC,QB,15,OAK,19,29,65.5,203,7,1,0,97.34,3,19,6.3,0,14,14.02
344,Tony Romo,DAL,QB,10,JAX,21,32,65.6,243,7.6,1,0,98.83,1,3,3,0,14,14.02
344,Kirk Cousins,WAS,QB,7,TEN,23,37,62.2,253,6.8,1,1,80.12,2,9,4.5,0,14,14.02
344,Andy Dalton,CIN,QB,12,HOU,20,33,60.6,253,7.7,1,1,82.01,3,9,3,0,14,14.02
348,Geno Smith,NYJ,QB,2,GB,18,31,58.1,210,6.8,1,1,76.01,5,26,5.2,0,14,14
349,Alex Smith,KC,QB,9,NYJ,21,30,70,207,6.9,1,0,100.28,3,17,5.7,0,14,13.98
350,Kyle Orton,BUF,QB,7,MIN,23,35,65.7,239,6.8,1,0,94.82,1,4,4,0,14,13.96
350,Chase Daniel,KC,QB,17,LAC,22,34,64.7,219,6.4,1,0,92.65,3,12,4,0,14,13.96
350,Andy Dalton,CIN,QB,10,CLE,21,33,63.6,249,7.5,1,1,84.03,3,10,3.3,0,14,13.96
353,Jake Locker,TEN,QB,1,KC,19,31,61.3,233,7.5,1,1,81.79,3,16,5.3,0,13.9,13.92
353,Mark Sanchez,PHI,QB,11,GB,25,40,62.5,263,6.6,1,1,79.48,3,4,1.3,0,13.9,13.92
353,Jimmy Clausen,CHI,QB,16,DET,25,38,65.8,258,6.8,1,1,83,2,6,3,0,13.9,13.92
353,Kyle Orton,BUF,QB,17,NE,25,40,62.5,268,6.7,1,1,80,1,2,2,0,13.9,13.92
353,Joe Flacco,BAL,QB,12,NO,22,36,61.1,263,7.3,1,1,81.13,1,4,4,0,13.9,13.92
358,Shaun Hill,LAR,QB,16,NYG,19,32,59.4,217,6.8,1,0,90.23,2,12,6,0,13.9,13.88
358,Josh McCown,TB,QB,15,CAR,21,37,56.8,242,6.5,1,1,74.38,2,12,6,0,13.9,13.88
360,Andy Dalton,CIN,QB,8,BAL,22,37,59.5,224,6.1,1,0,85.87,3,9,3,0,13.9,13.86
360,Andy Dalton,CIN,QB,13,TB,22,32,68.8,219,6.8,1,0,98.31,4,11,2.8,0,13.9,13.86
362,Joe Flacco,BAL,QB,7,ATL,23,33,69.7,231,7,1,0,99.43,2,6,3,0,13.8,13.84
362,Chad Henne,JAX,QB,1,PHI,23,38,60.5,261,6.9,1,1,78.95,2,4,2,0,13.8,13.84
362,Austin Davis,LAR,QB,10,ARI,20,35,57.1,251,7.2,1,1,77.2,2,8,4,0,13.8,13.84
365,Joe Flacco,BAL,QB,15,JAX,23,33,69.7,228,6.9,1,0,99.05,2,7,3.5,0,13.8,13.82
365,Joe Flacco,BAL,QB,4,CAR,21,34,61.8,263,7.7,1,1,83.33,1,3,3,0,13.8,13.82
367,Alex Smith,KC,QB,17,LAC,0,0,0,205,0,1,0,0,3,16,5.3,0,13.8,13.8
367,Joe Flacco,BAL,QB,5,IND,24,39,61.5,255,6.5,1,1,78.47,2,6,3,0,13.8,13.8
367,Geno Smith,NYJ,QB,5,LAC,20,33,60.6,215,6.5,1,1,77.21,5,22,4.4,0,13.8,13.8
367,Eli Manning,NYG,QB,14,TEN,23,34,67.6,265,7.8,1,1,88.48,1,2,2,0,13.8,13.8
371,Kyle Orton,BUF,QB,13,CLE,22,36,61.1,232,6.4,1,0,89.12,1,5,5,0,13.8,13.78
371,Eli Manning,NYG,QB,1,DET,21,36,58.3,267,7.4,1,1,79.28,1,1,1,0,13.8,13.78
371,Alex Smith,KC,QB,4,NE,21,31,67.7,227,7.3,1,1,86.36,4,17,4.2,0,13.8,13.78
371,Kyle Orton,BUF,QB,11,MIA,23,38,60.5,257,6.8,1,1,78.51,1,5,5,0,13.8,13.78
375,Kyle Orton,BUF,QB,6,NE,22,39,56.4,234,6,1,0,82.64,2,4,2,0,13.8,13.76
375,Andy Dalton,CIN,QB,1,BAL,21,35,60,249,7.1,1,1,79.35,3,8,2.7,0,13.8,13.76
375,Geno Smith,NYJ,QB,7,NE,19,34,55.9,219,6.4,1,1,73.04,4,20,5,0,13.8,13.76
375,Carson Palmer,ARI,QB,9,DAL,22,35,62.9,264,7.5,1,1,83.51,1,2,2,0,13.8,13.76
375,Ryan Fitzpatrick,HOU,QB,2,OAK,22,32,68.8,239,7.5,1,1,87.89,3,12,4,0,13.8,13.76
375,Zach Mettenberger,TEN,QB,12,PHI,21,33,63.6,264,8,1,1,85.92,1,2,2,0,13.8,13.76
381,Ryan Fitzpatrick,HOU,QB,13,TEN,20,32,62.5,201,6.3,1,0,90.76,3,17,5.7,0,13.7,13.74
381,EJ Manuel,BUF,QB,1,CHI,19,32,59.4,221,6.9,1,1,77.73,5,19,3.8,0,13.7,13.74
381,Andy Dalton,CIN,QB,11,NO,20,33,60.6,246,7.5,1,1,81.12,3,9,3,0,13.7,13.74
384,Alex Smith,KC,QB,8,LAR,20,29,69,198,6.8,1,0,99.5,3,18,6,0,13.7,13.72
384,Alex Smith,KC,QB,11,SEA,20,30,66.7,198,6.6,1,0,96.25,3,18,6,0,13.7,13.72
384,Eli Manning,NYG,QB,10,SEA,24,39,61.5,238,6.1,1,0,87.34,1,2,2,0,13.7,13.72
384,Drew Stanton,ARI,QB,11,DET,24,40,60,233,5.8,1,1,74.27,3,14,4.7,0,13.7,13.72
388,Mark Sanchez,PHI,QB,14,SEA,24,40,60,255,6.4,1,1,76.56,3,5,1.7,0,13.7,13.7
389,Kyle Orton,BUF,QB,16,OAK,22,33,66.7,232,7,1,0,97.03,1,4,4,0,13.7,13.68
389,Zach Mettenberger,TEN,QB,10,BAL,23,37,62.2,262,7.1,1,1,81.14,1,2,2,0,13.7,13.68
391,Ryan Tannehill,MIA,QB,3,KC,22,40,55,259,6.5,1,1,72.81,3,3,1,0,13.7,13.66
391,Tony Romo,DAL,QB,7,NYG,24,36,66.7,259,7.2,1,1,85.3,2,3,1.5,0,13.7,13.66
393,Eli Manning,NYG,QB,16,LAR,23,35,65.7,261,7.5,1,1,85.54,1,2,2,0,13.6,13.64
394,Alex Smith,KC,QB,12,OAK,18,27,66.7,198,7.3,1,0,100.54,3,17,5.7,0,13.6,13.62
394,Drew Stanton,ARI,QB,3,SF,21,33,63.6,258,7.8,1,1,85.16,1,3,3,0,13.6,13.62
394,Derek Carr,OAK,QB,6,LAC,22,37,59.5,238,6.4,1,1,76.18,2,11,5.5,0,13.6,13.62
394,Andy Dalton,CIN,QB,16,DEN,20,33,60.6,243,7.4,1,1,80.74,3,9,3,0,13.6,13.62
398,Johnny Manziel,CLE,QB,15,CIN,21,35,60,235,6.7,0,0,80.06,7,42,6,0,13.6,13.6
398,Eli Manning,NYG,QB,13,JAX,25,38,65.8,260,6.8,1,1,83.22,1,2,2,0,13.6,13.6
398,Philip Rivers,LAC,QB,2,SEA,23,35,65.7,260,7.4,1,1,85.42,2,2,1,0,13.6,13.6
398,Josh McCown,TB,QB,17,NO,19,34,55.9,230,6.8,1,1,74.39,2,14,7,0,13.6,13.6
398,Mark Sanchez,PHI,QB,12,TEN,23,38,60.5,255,6.7,1,1,78.29,4,4,1,0,13.6,13.6
403,Geno Smith,NYJ,QB,8,BUF,21,33,63.6,219,6.6,1,1,80.24,4,18,4.5,0,13.6,13.56
403,Eli Manning,NYG,QB,12,DAL,23,39,59,259,6.6,1,1,76.76,1,2,2,0,13.6,13.56
405,Brian Hoyer,CLE,QB,3,BAL,22,40,55,256,6.4,1,1,72.5,1,3,3,0,13.5,13.54
406,Derek Anderson,CAR,QB,15,TB,21,33,63.6,249,7.5,1,1,84.03,2,5,2.5,0,13.5,13.46
407,Andy Dalton,CIN,QB,6,CAR,21,31,67.7,208,6.7,1,0,97.24,3,11,3.7,0,13.4,13.42
407,Shaun Hill,LAR,QB,13,OAK,21,33,63.6,218,6.6,1,0,92.74,1,7,7,0,13.4,13.42
407,Carson Palmer,ARI,QB,10,LAR,21,33,63.6,233,7.1,1,0,94.63,1,1,1,0,13.4,13.42
407,Jake Locker,TEN,QB,3,CIN,22,35,62.9,248,7.1,1,1,81.61,1,5,5,0,13.4,13.42
407,Christian Ponder,MIN,QB,5,GB,19,30,63.3,218,7.3,1,1,82.36,3,17,5.7,0,13.4,13.42
407,Blake Bortles,JAX,QB,9,CIN,22,39,56.4,293,7.5,0,1,69.71,3,27,9,0,13.4,13.42
407,Zach Mettenberger,TEN,QB,8,HOU,21,34,61.8,253,7.4,1,1,82.11,1,3,3,0,13.4,13.42
414,Brian Hoyer,CLE,QB,1,PIT,23,37,62.2,250,6.8,1,1,79.79,2,4,2,0,13.4,13.4
414,Joe Flacco,BAL,QB,16,HOU,22,33,66.7,245,7.4,1,1,86.05,2,6,3,0,13.4,13.4
416,Ryan Fitzpatrick,HOU,QB,1,WAS,20,33,60.6,232,7,1,1,79.36,2,11,5.5,0,13.4,13.38
417,Russell Wilson,SEA,QB,16,ARI,17,28,60.7,216,7.7,0,0,84.82,7,47,6.7,0,13.3,13.34
418,Geno Smith,NYJ,QB,3,CHI,19,32,59.4,183,5.7,1,1,72.79,6,30,5,0,13.3,13.32
419,Andy Dalton,CIN,QB,14,PIT,21,32,65.6,232,7.2,1,1,84.38,3,10,3.3,0,13.3,13.28
419,Mike Glennon,TB,QB,4,PIT,24,44,54.5,267,6.1,1,2,61.46,2,6,3,0,13.3,13.28
421,Shaun Hill,LAR,QB,1,MIN,20,33,60.6,236,7.2,1,1,79.86,2,8,4,0,13.2,13.24
422,Brian Hoyer,CLE,QB,11,HOU,22,33,66.7,227,6.9,1,0,96.4,2,1,0.5,0,13.2,13.18
422,Case Keenum,HOU,QB,16,BAL,19,31,61.3,212,6.8,1,0,92.41,2,7,3.5,0,13.2,13.18
422,Teddy Bridgewater,MIN,QB,4,ATL,19,30,63.3,202,6.7,1,1,80.14,4,21,5.2,0,13.2,13.18
425,Ryan Fitzpatrick,HOU,QB,6,IND,19,31,61.3,223,7.2,1,1,80.44,3,12,4,0,13.1,13.12
426,Derek Carr,OAK,QB,3,NE,22,42,52.4,245,5.8,1,1,68.06,3,3,1,0,13.1,13.1
427,Brian Hoyer,CLE,QB,7,JAX,19,29,65.5,222,7.7,1,0,100.07,1,2,2,0,13.1,13.08
427,Zach Mettenberger,TEN,QB,13,HOU,21,33,63.6,247,7.5,1,1,83.78,1,2,2,0,13.1,13.08
429,Eli Manning,NYG,QB,5,ATL,24,35,68.6,249,7.1,1,1,86.49,1,1,1,0,13.1,13.06
429,Ryan Fitzpatrick,HOU,QB,8,TEN,19,28,67.9,219,7.8,1,1,88.24,3,13,4.3,0,13.1,13.06
431,Ryan Fitzpatrick,HOU,QB,7,PIT,19,30,63.3,220,7.3,1,1,82.64,3,12,4,0,13,13
432,Eli Manning,NYG,QB,11,SF,23,38,60.5,247,6.5,1,1,77.41,1,1,1,0,13,12.98
432,Eli Manning,NYG,QB,2,ARI,21,36,58.3,247,6.9,1,1,76.97,1,1,1,0,13,12.98
434,Josh McCown,TB,QB,1,CAR,20,32,62.5,234,7.3,1,1,82.03,2,6,3,0,13,12.96
434,Eli Manning,NYG,QB,7,DAL,22,36,61.1,244,6.8,1,1,78.94,1,2,2,0,13,12.96
434,Zach Mettenberger,TEN,QB,11,PIT,19,32,59.4,244,7.6,1,1,80.73,1,2,2,0,13,12.96
434,Ryan Tannehill,MIA,QB,4,OAK,24,41,58.5,269,6.6,1,2,66.01,3,2,0.7,0,13,12.96
438,Andy Dalton,CIN,QB,7,IND,23,34,67.6,226,6.6,1,1,83.7,3,9,3,0,12.9,12.94
439,Derek Carr,OAK,QB,1,NYJ,20,33,60.6,233,7.1,1,1,79.48,2,6,3,0,12.9,12.92
439,Brandon Weeden,DAL,QB,9,ARI,22,34,64.7,233,6.9,1,1,82.11,2,6,3,0,12.9,12.92
441,Mike Glennon,TB,QB,8,MIN,21,35,60,240,6.9,1,1,78.27,1,3,3,0,12.9,12.9
441,Matt Cassel,MIN,QB,2,NE,20,33,60.6,235,7.1,1,1,79.73,2,5,2.5,0,12.9,12.9
441,Brian Hoyer,CLE,QB,10,CIN,21,36,58.3,240,6.7,1,1,76.16,2,3,1.5,0,12.9,12.9
444,Derek Carr,OAK,QB,16,BUF,23,40,57.5,227,5.7,1,1,71.56,2,8,4,0,12.9,12.88
445,Brian Hoyer,CLE,QB,8,OAK,19,32,59.4,214,6.7,1,0,89.84,2,3,1.5,0,12.9,12.86
446,Colin Kaepernick,SF,QB,17,ARI,18,28,64.3,220,7.9,0,0,88.39,6,40,6.7,0,12.8,12.8
446,Andy Dalton,CIN,QB,5,NE,20,31,64.5,220,7.1,1,1,82.73,3,10,3.3,0,12.8,12.8
448,Brian Hoyer,CLE,QB,2,NO,21,37,56.8,237,6.4,1,1,73.82,2,3,1.5,0,12.8,12.78
449,Joe Flacco,BAL,QB,14,MIA,21,33,63.6,234,7.1,1,1,82.13,1,4,4,0,12.8,12.76
450,Carson Palmer,ARI,QB,7,OAK,22,36,61.1,238,6.6,1,1,78.24,1,2,2,0,12.7,12.72
451,EJ Manuel,BUF,QB,3,LAC,19,31,61.3,215,6.9,1,1,79.37,3,11,3.7,0,12.7,12.7
452,Joe Flacco,BAL,QB,1,CIN,22,36,61.1,229,6.4,1,1,77.2,2,4,2,0,12.6,12.56
452,Matt Cassel,MIN,QB,1,LAR,20,32,62.5,224,7,1,1,80.73,2,6,3,0,12.6,12.56
454,Tony Romo,DAL,QB,3,LAR,21,35,60,230,6.6,1,1,77.08,1,3,3,0,12.5,12.5
455,Carson Palmer,ARI,QB,6,WAS,17,32,53.1,199,6.2,1,0,82.68,1,5,5,0,12.5,12.46
456,Brian Hoyer,CLE,QB,12,ATL,22,37,59.5,236,6.4,1,1,75.96,2,0,0,0,12.4,12.44
457,Ryan Mallett,HOU,QB,12,CIN,20,35,57.1,228,6.5,1,1,74.46,1,3,3,0,12.4,12.42
458,Austin Davis,LAR,QB,2,TB,20,32,62.5,215,6.7,1,1,79.56,2,8,4,0,12.4,12.4
459,Ryan Fitzpatrick,HOU,QB,3,NYG,19,30,63.3,204,6.8,1,0,94.31,3,2,0.7,0,12.4,12.36
460,Ryan Mallett,HOU,QB,11,CLE,19,33,57.6,224,6.8,1,1,75.82,1,3,3,0,12.3,12.26
461,Matt Cassel,MIN,QB,3,NO,19,31,61.3,226,7.3,1,1,80.85,2,2,1,0,12.2,12.24
462,Derek Carr,OAK,QB,2,HOU,19,32,59.4,214,6.7,1,1,76.82,2,6,3,0,12.2,12.16
463,Josh McCown,TB,QB,3,ATL,20,33,60.6,221,6.7,1,1,77.97,3,3,1,0,12.1,12.14
464,Eli Manning,NYG,QB,3,HOU,23,42,54.8,245,5.8,1,2,60.12,1,3,3,0,12.1,12.1
464,Blake Bortles,JAX,QB,4,LAC,22,37,59.5,240,6.5,1,2,65.15,1,5,5,0,12.1,12.1
466,Joe Flacco,BAL,QB,17,CLE,21,36,58.3,209,5.8,1,1,72.57,2,7,3.5,0,12.1,12.06
467,Brian Hoyer,CLE,QB,5,TEN,20,32,62.5,219,6.8,1,1,80.08,1,2,2,0,12,11.96
468,Michael Vick,NYJ,QB,9,KC,21,35,60,218,6.2,0,1,66.13,6,42,7,0,11.9,11.92
469,Michael Vick,NYJ,QB,12,BUF,19,32,59.4,220,6.9,0,1,67.19,6,41,6.8,0,11.9,11.9
470,Andrew Luck,IND,QB,17,TEN,25,37,67.6,159,4.3,1,0,85.3,2,13,6.5,0,11.7,11.66
471,Teddy Bridgewater,MIN,QB,11,CHI,22,37,59.5,253,6.8,0,0,80.12,3,13,4.3,0,11.4,11.42
472,Colin Kaepernick,SF,QB,15,SEA,18,31,58.1,200,6.5,0,0,77.35,5,32,6.4,0,11.2,11.2
473,Derek Carr,OAK,QB,9,SEA,23,41,56.1,263,6.4,0,0,75.56,1,6,6,0,11.1,11.12
474,Blake Bortles,JAX,QB,15,BAL,22,36,61.1,251,7,0,1,70.49,3,20,6.7,0,11,11.04
475,Johnny Manziel,CLE,QB,16,CAR,18,30,60,210,7,0,1,67.36,6,36,6,0,11,11
476,Ryan Fitzpatrick,HOU,QB,4,BUF,21,31,67.7,216,7,1,2,71.44,3,3,1,0,10.9,10.94
477,Chad Henne,JAX,QB,3,IND,19,32,59.4,186,5.8,1,1,73.18,1,4,4,0,10.8,10.84
478,Austin Davis,LAR,QB,3,DAL,23,36,63.9,259,7.2,0,0,85.3,1,3,3,0,10.7,10.66
479,Alex Smith,KC,QB,14,ARI,19,29,65.5,223,7.7,0,0,88.72,3,17,5.7,0,10.6,10.62
480,Josh McCown,TB,QB,14,DET,20,35,57.1,259,7.4,0,1,68.63,2,12,6,0,10.6,10.56
481,Drew Stanton,ARI,QB,14,KC,21,35,60,226,6.5,0,0,78.99,3,14,4.7,0,10.4,10.44
482,Blake Bortles,JAX,QB,17,HOU,20,36,55.6,225,6.2,0,1,62.85,3,22,7.3,0,10.2,10.2
483,Teddy Bridgewater,MIN,QB,12,GB,19,33,57.6,240,7.3,0,1,67.74,3,15,5,0,10.1,10.1
484,EJ Manuel,BUF,QB,2,MIA,18,31,58.1,228,7.4,0,1,67.67,5,19,3.8,0,10,10.02
485,Geno Smith,NYJ,QB,13,MIA,18,32,56.2,217,6.8,0,1,64.19,4,23,5.8,0,10,9.98
485,Teddy Bridgewater,MIN,QB,16,MIA,22,35,62.9,237,6.8,0,1,70.77,3,15,5,0,10,9.98
487,Geno Smith,NYJ,QB,6,DEN,19,33,57.6,229,6.9,0,1,66.35,5,18,3.6,0,10,9.96
488,Teddy Bridgewater,MIN,QB,6,DET,19,32,59.4,201,6.3,0,0,77.73,5,19,3.8,0,9.9,9.94
489,Derek Carr,OAK,QB,14,SF,22,38,57.9,251,6.6,0,1,66.89,1,8,8,0,9.8,9.84
490,Austin Davis,LAR,QB,5,PHI,24,38,63.2,258,6.8,0,1,72.04,2,5,2.5,0,9.8,9.82
491,Colt McCoy,WAS,QB,14,LAR,24,37,64.9,227,6.1,0,0,81.7,4,7,1.8,0,9.8,9.78
492,Charlie Whitehurst,TEN,QB,16,JAX,18,31,58.1,224,7.2,0,0,80.58,2,8,4,0,9.8,9.76
493,Derek Carr,OAK,QB,15,KC,22,35,62.9,220,6.3,0,0,80.65,1,9,9,0,9.7,9.7
493,Teddy Bridgewater,MIN,QB,9,WAS,20,33,60.6,235,7.1,0,1,69.63,2,13,6.5,0,9.7,9.7
495,Matt Hasselbeck,IND,QB,17,TEN,0,0,0,133,0,1,0,0,1,3,3,0,9.6,9.62
496,Mike Glennon,TB,QB,6,BAL,21,35,60,235,6.7,0,0,80.06,1,2,2,0,9.6,9.6
497,Teddy Bridgewater,MIN,QB,15,DET,21,34,61.8,234,6.9,0,1,69.98,2,12,6,0,9.6,9.56
498,Teddy Bridgewater,MIN,QB,7,BUF,22,36,61.1,224,6.2,0,1,67.36,3,15,5,0,9.5,9.46
499,Kyle Orton,BUF,QB,5,DET,22,39,56.4,247,6.3,0,1,64.8,2,5,2.5,0,9.4,9.38
499,Andy Dalton,CIN,QB,15,CLE,22,36,61.1,232,6.4,0,1,68.29,4,11,2.8,0,9.4,9.38
501,Shaun Hill,LAR,QB,15,ARI,18,30,60,233,7.8,0,1,70.56,1,9,9,0,9.2,9.22
502,Geno Smith,NYJ,QB,17,MIA,18,31,58.1,198,6.4,0,1,63.64,4,22,5.5,0,9.1,9.12
503,Case Keenum,HOU,QB,17,JAX,18,29,62.1,190,6.6,0,0,81.11,3,13,4.3,0,8.9,8.9
504,Geno Smith,NYJ,QB,16,NE,18,31,58.1,197,6.4,0,1,63.51,4,20,5,0,8.9,8.88
505,Drew Stanton,ARI,QB,15,LAR,20,35,57.1,229,6.5,0,1,65.06,2,7,3.5,0,8.9,8.86
506,Geno Smith,NYJ,QB,14,MIN,15,27,55.6,183,6.8,0,1,61.19,4,24,6,0,8.7,8.72
506,Geno Smith,NYJ,QB,15,TEN,15,26,57.7,178,6.8,0,1,62.66,5,26,5.2,0,8.7,8.72
508,Brian Hoyer,CLE,QB,13,BUF,21,37,56.8,230,6.2,0,1,64.02,2,2,1,0,8.4,8.4
509,Shaun Hill,LAR,QB,17,SEA,21,35,60,210,6,0,1,65.18,1,8,8,0,8.2,8.2
510,Ryan Lindley,ARI,QB,16,SEA,19,32,59.4,199,6.2,0,1,64.45,2,4,2,0,7.4,7.36
511,Ryan Lindley,ARI,QB,17,SF,19,33,57.6,200,6.1,0,1,62.69,1,3,3,0,7.3,7.3
512,Charlie Whitehurst,TEN,QB,4,IND,18,33,54.5,194,5.9,0,1,59.41,1,4,4,0,7.2,7.16
513,Tom Brady,NE,QB,17,BUF,17,26,65.4,147,5.7,0,0,80.13,2,1,0.5,0,6,5.98
514,Charlie Whitehurst,TEN,QB,5,CLE,19,33,57.6,88,2.7,0,0,62.56,3,9,3,0,4.4,4.42
515,Michael Vick,NYJ,QB,13,MIA,0,0,0,65,0,0,0,0,0,13,0,0,3.9,3.9
516,Jimmy Garoppolo,NE,QB,17,BUF,7,11,63.6,66,6,0,0,80.11,1,1,1,0,2.7,2.74
517,Matt Schaub,OAK,QB,6,LAC,21,34,61.8,50,1.5,0,0,66.05,1,0,0,0,2,2
518,Michael Vick,NYJ,QB,6,DEN,2,3,66.7,11,3.7,0,0,72.92,1,4,4,0,0.8,0.84
519,Johnny Manziel,CLE,QB,3,BAL,1,3,33.3,5,1.7,0,0,42.36,1,5,5,0,0.7,0.7
520,Michael Vick,NYJ,QB,7,NE,2,3,66.7,5,1.7,0,0,70.14,1,2,2,0,0.4,0.4
521,Michael Vick,NYJ,QB,8,BUF,0,0,0,0,0,0,0,0,1,2,2,0,0.2,0.2
521,Matt Schaub,OAK,QB,16,BUF,1,2,50,5,2.5,0,0,56.25,0,0,0,0,0.2,0.2
523,Matt Flynn,GB,QB,2,NYJ,0,0,0,2,0,0,0,0,0,0,0,0,0.1,0.08
523,Blaine Gabbert,SF,QB,2,CHI,0,0,0,2,0,0,0,0,0,0,0,0,0.1,0.08
525,Tyrod Taylor,BAL,QB,2,PIT,0,0,0,1,0,0,0,0,0,0,0,0,0,0.04
525,Derek Anderson,CAR,QB,2,DET,0,0,0,1,0,0,0,0,0,0,0,0,0,0.04
527,Tarvaris Jackson,SEA,QB,1,GB,0,0,0,0,0,0,0,0,0,0,0,0,0,0
527,Scott Tolzien,GB,QB,1,SEA,0,0,0,0,0,0,0,0,0,0,0,0,0,0
527,BJ Daniels,SEA,QB,1,GB,0,0,0,0,0,0,0,0,0,0,0,0,0,0
527,Matt Blanchard,GB,QB,1,SEA,0,0,0,0,0,0,0,0,0,0,0,0,0,0
527,Logan Kilgore,NO,QB,1,ATL,0,0,0,0,0,0,0,0,0,0,0,0,0,0
527,Sean Renfree,ATL,QB,1,NO,0,0,0,0,0,0,0,0,0,0,0,0,0,0
527,Ryan Griffin,NO,QB,1,ATL,0,0,0,0,0,0,0,0,0,0,0,0,0,0
527,TJ Yates,ATL,QB,1,NO,0,0,0,0,0,0,0,0,0,0,0,0,0,0
527,Luke McCown,NO,QB,1,ATL,0,0,0,0,0,0,0,0,0,0,0,0,0,0
527,Matt Moore,MIA,QB,1,NE,0,0,0,0,0,0,0,0,0,0,0,0,0,0
527,Ryan Lindley,NE,QB,1,MIA,0,0,0,0,0,0,0,0,0,0,0,0,0,0
527,Jimmy Garoppolo,NE,QB,1,MIA,0,0,0,0,0,0,0,0,0,0,0,0,0,0
527,Stephen Morris,JAX,QB,1,PHI,0,0,0,0,0,0,0,0,0,0,0,0,0,0
527,Blake Bortles,JAX,QB,1,PHI,0,0,0,0,0,0,0,0,0,0,0,0,0,0
527,Jeff Tuel,JAX,QB,1,PHI,0,0,0,0,0,0,0,0,0,0,0,0,0,0
527,Matt Barkley,PHI,QB,1,JAX,0,0,0,0,0,0,0,0,0,0,0,0,0,0
527,Sam Bradford,PHI,QB,1,JAX,0,0,0,0,0,0,0,0,0,0,0,0,0,0
527,GJ Kinne,PHI,QB,1,JAX,0,0,0,0,0,0,0,0,0,0,0,0,0,0
527,Mark Sanchez,PHI,QB,1,JAX,0,0,0,0,0,0,0,0,0,0,0,0,0,0
527,Josh Johnson,NYJ,QB,1,OAK,0,0,0,0,0,0,0,0,0,0,0,0,0,0
527,Matt Flynn,NYJ,QB,1,OAK,0,0,0,0,0,0,0,0,0,0,0,0,0,0
527,Matt Schaub,OAK,QB,1,NYJ,0,0,0,0,0,0,0,0,0,0,0,0,0,0
527,Michael Vick,NYJ,QB,1,OAK,0,0,0,0,0,0,0,0,0,0,0,0,0,0
527,Trent Edwards,OAK,QB,1,NYJ,0,0,0,0,0,0,0,0,0,0,0,0,0,0
527,Christian Ponder,OAK,QB,1,NYJ,0,0,0,0,0,0,0,0,0,0,0,0,0,0
527,Matt McGloin,OAK,QB,1,NYJ,0,0,0,0,0,0,0,0,0,0,0,0,0,0
527,David Fales,CHI,QB,1,BUF,0,0,0,0,0,0,0,0,0,0,0,0,0,0
527,Jordan Lynch,CHI,QB,1,BUF,0,0,0,0,0,0,0,0,0,0,0,0,0,0
527,Matt Simms,BUF,QB,1,CHI,0,0,0,0,0,0,0,0,0,0,0,0,0,0
527,Zac Dysert,CHI,QB,1,BUF,0,0,0,0,0,0,0,0,0,0,0,0,0,0
527,Tyrod Taylor,BUF,QB,1,CHI,0,0,0,0,0,0,0,0,0,0,0,0,0,0
527,Dennis Dixon,BUF,QB,1,CHI,0,0,0,0,0,0,0,0,0,0,0,0,0,0
527,Jimmy Clausen,CHI,QB,1,BUF,0,0,0,0,0,0,0,0,0,0,0,0,0,0
527,Kyle Orton,BUF,QB,1,CHI,0,0,0,0,0,0,0,0,0,0,0,0,0,0
527,Jordan Palmer,TEN,QB,1,KC,0,0,0,0,0,0,0,0,0,0,0,0,0,0
527,Chase Daniel,KC,QB,1,TEN,0,0,0,0,0,0,0,0,0,0,0,0,0,0
527,Charlie Whitehurst,TEN,QB,1,KC,0,0,0,0,0,0,0,0,0,0,0,0,0,0
527,Alex Tanney,TEN,QB,1,KC,0,0,0,0,0,0,0,0,0,0,0,0,0,0
527,Tyler Bray,KC,QB,1,TEN,0,0,0,0,0,0,0,0,0,0,0,0,0,0
527,Zach Mettenberger,TEN,QB,1,KC,0,0,0,0,0,0,0,0,0,0,0,0,0,0
527,Aaron Murray,KC,QB,1,TEN,0,0,0,0,0,0,0,0,0,0,0,0,0,0
527,Brendon Kay,PIT,QB,1,CLE,0,0,0,0,0,0,0,0,0,0,0,0,0,0
527,Johnny Manziel,CLE,QB,1,PIT,0,0,0,0,0,0,0,0,0,0,0,0,0,0
527,Connor Shaw,CLE,QB,1,PIT,0,0,0,0,0,0,0,0,0,0,0,0,0,0
527,Tajh Boyd,PIT,QB,1,CLE,0,0,0,0,0,0,0,0,0,0,0,0,0,0
527,Landry Jones,PIT,QB,1,CLE,0,0,0,0,0,0,0,0,0,0,0,0,0,0
527,Thaddeus Lewis,CLE,QB,1,PIT,0,0,0,0,0,0,0,0,0,0,0,0,0,0
527,Pat Devlin,CLE,QB,1,PIT,0,0,0,0,0,0,0,0,0,0,0,0,0,0
527,Bruce Gradkowski,PIT,QB,1,CLE,0,0,0,0,0,0,0,0,0,0,0,0,0,0
527,Colt McCoy,WAS,QB,1,HOU,0,0,0,0,0,0,0,0,0,0,0,0,0,0
527,Ryan Mallett,HOU,QB,1,WAS,0,0,0,0,0,0,0,0,0,0,0,0,0,0
527,Kirk Cousins,WAS,QB,1,HOU,0,0,0,0,0,0,0,0,0,0,0,0,0,0
527,Tom Savage,HOU,QB,1,WAS,0,0,0,0,0,0,0,0,0,0,0,0,0,0
527,Bryn Renner,BAL,QB,1,CIN,0,0,0,0,0,0,0,0,0,0,0,0,0,0
527,Matt Scott,CIN,QB,1,BAL,0,0,0,0,0,0,0,0,0,0,0,0,0,0
527,Keith Wenning,CIN,QB,1,BAL,0,0,0,0,0,0,0,0,0,0,0,0,0,0
527,AJ McCarron,CIN,QB,1,BAL,0,0,0,0,0,0,0,0,0,0,0,0,0,0
527,Jason Campbell,CIN,QB,1,BAL,0,0,0,0,0,0,0,0,0,0,0,0,0,0
527,Mike Kafka,MIN,QB,1,LAR,0,0,0,0,0,0,0,0,0,0,0,0,0,0
527,Austin Davis,LAR,QB,1,MIN,0,0,0,0,0,0,0,0,0,0,0,0,0,0
527,Case Keenum,LAR,QB,1,MIN,0,0,0,0,0,0,0,0,0,0,0,0,0,0
527,Teddy Bridgewater,MIN,QB,1,LAR,0,0,0,0,0,0,0,0,0,0,0,0,0,0
527,Seth Lobato,TB,QB,1,CAR,0,0,0,0,0,0,0,0,0,0,0,0,0,0
527,Mike Glennon,TB,QB,1,CAR,0,0,0,0,0,0,0,0,0,0,0,0,0,0
527,Cam Newton,CAR,QB,1,TB,0,0,0,0,0,0,0,0,0,0,0,0,0,0
527,Derek Anderson,CAR,QB,1,TB,0,0,0,0,0,0,0,0,0,0,0,0,0,0
527,Joe Webb,CAR,QB,1,TB,0,0,0,0,0,0,0,0,0,0,0,0,0,0
527,Caleb Hanie,DAL,QB,1,SF,0,0,0,0,0,0,0,0,0,0,0,0,0,0
527,Blaine Gabbert,SF,QB,1,DAL,0,0,0,0,0,0,0,0,0,0,0,0,0,0
527,Brandon Weeden,DAL,QB,1,SF,0,0,0,0,0,0,0,0,0,0,0,0,0,0
527,Dustin Vaughan,DAL,QB,1,SF,0,0,0,0,0,0,0,0,0,0,0,0,0,0
527,Brock Osweiler,DEN,QB,1,IND,0,0,0,0,0,0,0,0,0,0,0,0,0,0
527,Matt Hasselbeck,IND,QB,1,DEN,0,0,0,0,0,0,0,0,0,0,0,0,0,0
527,Dan Orlovsky,DET,QB,1,NYG,0,0,0,0,0,0,0,0,0,0,0,0,0,0
527,Curtis Painter,NYG,QB,1,DET,0,0,0,0,0,0,0,0,0,0,0,0,0,0
527,Ricky Stanzi,NYG,QB,1,DET,0,0,0,0,0,0,0,0,0,0,0,0,0,0
527,Kellen Moore,DET,QB,1,NYG,0,0,0,0,0,0,0,0,0,0,0,0,0,0
527,Ryan Nassib,NYG,QB,1,DET,0,0,0,0,0,0,0,0,0,0,0,0,0,0
527,James Franklin,DET,QB,1,NYG,0,0,0,0,0,0,0,0,0,0,0,0,0,0
527,Garrett Gilbert,DET,QB,1,NYG,0,0,0,0,0,0,0,0,0,0,0,0,0,0
527,Chase Rettig,LAC,QB,1,ARI,0,0,0,0,0,0,0,0,0,0,0,0,0,0
527,Brad Sorensen,LAC,QB,1,ARI,0,0,0,0,0,0,0,0,0,0,0,0,0,0
527,Chandler Harnish,ARI,QB,1,LAC,0,0,0,0,0,0,0,0,0,0,0,0,0,0
527,Drew Stanton,ARI,QB,1,LAC,0,0,0,0,0,0,0,0,0,0,0,0,0,0
527,Kellen Clemens,LAC,QB,1,ARI,0,0,0,0,0,0,0,0,0,0,0,0,0,0
527,TJ Yates,ATL,QB,3,TB,0,0,0,0,0,0,0,0,0,0,0,0,0,0
527,Mike Glennon,TB,QB,3,ATL,0,0,0,0,0,0,0,0,0,0,0,0,0,0
527,Sean Renfree,ATL,QB,3,TB,0,0,0,0,0,0,0,0,0,0,0,0,0,0
527,Kellen Moore,DET,QB,3,GB,0,0,0,0,0,0,0,0,0,0,0,0,0,0
527,Scott Tolzien,GB,QB,3,DET,0,0,0,0,0,0,0,0,0,0,0,0,0,0
527,Dan Orlovsky,DET,QB,3,GB,0,0,0,0,0,0,0,0,0,0,0,0,0,0
527,Jason Campbell,CIN,QB,3,TEN,0,0,0,0,0,0,0,0,0,0,0,0,0,0
527,Charlie Whitehurst,TEN,QB,3,CIN,0,0,0,0,0,0,0,0,0,0,0,0,0,0
527,Zach Mettenberger,TEN,QB,3,CIN,0,0,0,0,0,0,0,0,0,0,0,0,0,0
527,Case Keenum,LAR,QB,3,DAL,0,0,0,0,0,0,0,0,0,0,0,0,0,0
527,Dustin Vaughan,DAL,QB,3,LAR,0,0,0,0,0,0,0,0,0,0,0,0,0,0
527,Brandon Weeden,DAL,QB,3,LAR,0,0,0,0,0,0,0,0,0,0,0,0,0,0
527,Shaun Hill,LAR,QB,3,DAL,0,0,0,0,0,0,0,0,0,0,0,0,0,0
527,Mark Sanchez,PHI,QB,3,WAS,0,0,0,0,0,0,0,0,0,0,0,0,0,0
527,Colt McCoy,WAS,QB,3,PHI,0,0,0,0,0,0,0,0,0,0,0,0,0,0
527,Robert Griffin III,WAS,QB,3,PHI,0,0,0,0,0,0,0,0,0,0,0,0,0,0
527,Matt Barkley,PHI,QB,3,WAS,0,0,0,0,0,0,0,0,0,0,0,0,0,0
527,Matt McGloin,OAK,QB,3,NE,0,0,0,0,0,0,0,0,0,0,0,0,0,0
527,Jimmy Garoppolo,NE,QB,3,OAK,0,0,0,0,0,0,0,0,0,0,0,0,0,0
527,Christian Ponder,OAK,QB,3,NE,0,0,0,0,0,0,0,0,0,0,0,0,0,0
527,Ryan Mallett,HOU,QB,3,NYG,0,0,0,0,0,0,0,0,0,0,0,0,0,0
527,Ryan Nassib,NYG,QB,3,HOU,0,0,0,0,0,0,0,0,0,0,0,0,0,0
527,Tom Savage,HOU,QB,3,NYG,0,0,0,0,0,0,0,0,0,0,0,0,0,0
527,Tyrod Taylor,BUF,QB,3,LAC,0,0,0,0,0,0,0,0,0,0,0,0,0,0
527,Kyle Orton,BUF,QB,3,LAC,0,0,0,0,0,0,0,0,0,0,0,0,0,0
527,Kellen Clemens,LAC,QB,3,BUF,0,0,0,0,0,0,0,0,0,0,0,0,0,0
527,Matt Hasselbeck,IND,QB,3,JAX,0,0,0,0,0,0,0,0,0,0,0,0,0,0
527,Blake Bortles,JAX,QB,3,IND,0,0,0,0,0,0,0,0,0,0,0,0,0,0
527,Teddy Bridgewater,MIN,QB,3,NO,0,0,0,0,0,0,0,0,0,0,0,0,0,0
527,Luke McCown,NO,QB,3,MIN,0,0,0,0,0,0,0,0,0,0,0,0,0,0
527,Matt Schaub,BAL,QB,3,CLE,0,0,0,0,0,0,0,0,0,0,0,0,0,0
527,Blaine Gabbert,SF,QB,3,ARI,0,0,0,0,0,0,0,0,0,0,0,0,0,0
527,Carson Palmer,ARI,QB,3,SF,0,0,0,0,0,0,0,0,0,0,0,0,0,0
527,Matt Moore,MIA,QB,3,KC,0,0,0,0,0,0,0,0,0,0,0,0,0,0
527,Chase Daniel,KC,QB,3,MIA,0,0,0,0,0,0,0,0,0,0,0,0,0,0
527,Aaron Murray,KC,QB,3,MIA,0,0,0,0,0,0,0,0,0,0,0,0,0,0
527,Brock Osweiler,DEN,QB,3,SEA,0,0,0,0,0,0,0,0,0,0,0,0,0,0
527,Tarvaris Jackson,SEA,QB,3,DEN,0,0,0,0,0,0,0,0,0,0,0,0,0,0
527,Bruce Gradkowski,PIT,QB,3,CAR,0,0,0,0,0,0,0,0,0,0,0,0,0,0
527,Derek Anderson,CAR,QB,3,PIT,0,0,0,0,0,0,0,0,0,0,0,0,0,0
527,Joe Webb,CAR,QB,3,PIT,0,0,0,0,0,0,0,0,0,0,0,0,0,0
527,Landry Jones,PIT,QB,3,CAR,0,0,0,0,0,0,0,0,0,0,0,0,0,0
527,Jimmy Clausen,CHI,QB,3,NYJ,0,0,0,0,0,0,0,0,0,0,0,0,0,0
527,Michael Vick,NYJ,QB,3,CHI,0,0,0,0,0,0,0,0,0,0,0,0,0,0
527,Josh Johnson,NYJ,QB,3,CHI,0,0,0,0,0,0,0,0,0,0,0,0,0,0
527,Matt Flynn,NYJ,QB,3,CHI,0,0,0,0,0,0,0,0,0,0,0,0,0,0
527,Colt McCoy,WAS,QB,4,NYG,0,0,0,0,0,0,0,0,0,0,0,0,0,0
527,Robert Griffin III,WAS,QB,4,NYG,0,0,0,0,0,0,0,0,0,0,0,0,0,0
527,Ryan Nassib,NYG,QB,4,WAS,0,0,0,0,0,0,0,0,0,0,0,0,0,0
527,Tom Savage,HOU,QB,4,BUF,0,0,0,0,0,0,0,0,0,0,0,0,0,0
527,Ryan Mallett,HOU,QB,4,BUF,0,0,0,0,0,0,0,0,0,0,0,0,0,0
527,Tyrod Taylor,BUF,QB,4,HOU,0,0,0,0,0,0,0,0,0,0,0,0,0,0
527,Kyle Orton,BUF,QB,4,HOU,0,0,0,0,0,0,0,0,0,0,0,0,0,0
527,Matt Cassel,BUF,QB,4,HOU,0,0,0,0,0,0,0,0,0,0,0,0,0,0
527,Bruce Gradkowski,PIT,QB,4,TB,0,0,0,0,0,0,0,0,0,0,0,0,0,0
527,Landry Jones,PIT,QB,4,TB,0,0,0,0,0,0,0,0,0,0,0,0,0,0
527,Kellen Moore,DET,QB,4,NYJ,0,0,0,0,0,0,0,0,0,0,0,0,0,0
527,Michael Vick,NYJ,QB,4,DET,0,0,0,0,0,0,0,0,0,0,0,0,0,0
527,Dan Orlovsky,DET,QB,4,NYJ,0,0,0,0,0,0,0,0,0,0,0,0,0,0
527,Matt Flynn,NYJ,QB,4,DET,0,0,0,0,0,0,0,0,0,0,0,0,0,0
527,Matt Hasselbeck,IND,QB,4,TEN,0,0,0,0,0,0,0,0,0,0,0,0,0,0
527,Jake Locker,TEN,QB,4,IND,0,0,0,0,0,0,0,0,0,0,0,0,0,0
527,Zach Mettenberger,TEN,QB,4,IND,0,0,0,0,0,0,0,0,0,0,0,0,0,0
527,Derek Anderson,CAR,QB,4,BAL,0,0,0,0,0,0,0,0,0,0,0,0,0,0
527,Joe Webb,CAR,QB,4,BAL,0,0,0,0,0,0,0,0,0,0,0,0,0,0
527,Matt Schaub,BAL,QB,4,CAR,0,0,0,0,0,0,0,0,0,0,0,0,0,0
527,Jimmy Clausen,CHI,QB,4,GB,0,0,0,0,0,0,0,0,0,0,0,0,0,0
527,Scott Tolzien,GB,QB,4,CHI,0,0,0,0,0,0,0,0,0,0,0,0,0,0
527,Matt McGloin,OAK,QB,4,MIA,0,0,0,0,0,0,0,0,0,0,0,0,0,0
527,Christian Ponder,OAK,QB,4,MIA,0,0,0,0,0,0,0,0,0,0,0,0,0,0
527,Matt Moore,MIA,QB,4,OAK,0,0,0,0,0,0,0,0,0,0,0,0,0,0
527,Kellen Clemens,LAC,QB,4,JAX,0,0,0,0,0,0,0,0,0,0,0,0,0,0
527,Chad Henne,JAX,QB,4,LAC,0,0,0,0,0,0,0,0,0,0,0,0,0,0
527,Sean Renfree,ATL,QB,4,MIN,0,0,0,0,0,0,0,0,0,0,0,0,0,0
527,TJ Yates,ATL,QB,4,MIN,0,0,0,0,0,0,0,0,0,0,0,0,0,0
527,Mark Sanchez,PHI,QB,4,SF,0,0,0,0,0,0,0,0,0,0,0,0,0,0
527,Blaine Gabbert,SF,QB,4,PHI,0,0,0,0,0,0,0,0,0,0,0,0,0,0
527,Matt Barkley,PHI,QB,4,SF,0,0,0,0,0,0,0,0,0,0,0,0,0,0
527,Dustin Vaughan,DAL,QB,4,NO,0,0,0,0,0,0,0,0,0,0,0,0,0,0
527,Brandon Weeden,DAL,QB,4,NO,0,0,0,0,0,0,0,0,0,0,0,0,0,0
527,Luke McCown,NO,QB,4,DAL,0,0,0,0,0,0,0,0,0,0,0,0,0,0
527,Chase Daniel,KC,QB,4,NE,0,0,0,0,0,0,0,0,0,0,0,0,0,0
527,Jimmy Garoppolo,NE,QB,4,KC,0,0,0,0,0,0,0,0,0,0,0,0,0,0
527,Aaron Murray,KC,QB,4,NE,0,0,0,0,0,0,0,0,0,0,0,0,0,0
527,Tarvaris Jackson,SEA,QB,7,LAR,0,0,0,0,0,0,0,0,0,0,0,0,0,0
527,Shaun Hill,LAR,QB,7,SEA,0,0,0,0,0,0,0,0,0,0,0,0,0,0
527,Jason Campbell,CIN,QB,7,IND,0,0,0,0,0,0,0,0,0,0,0,0,0,0
527,Matt Hasselbeck,IND,QB,7,CIN,0,0,0,0,0,0,0,0,0,0,0,0,0,0
527,Derek Anderson,CAR,QB,7,GB,0,0,0,0,0,0,0,0,0,0,0,0,0,0
527,Matt Cassel,MIN,QB,7,BUF,0,0,0,0,0,0,0,0,0,0,0,0,0,0
527,Dan Orlovsky,DET,QB,7,NO,0,0,0,0,0,0,0,0,0,0,0,0,0,0
527,Luke McCown,NO,QB,7,DET,0,0,0,0,0,0,0,0,0,0,0,0,0,0
527,Kellen Clemens,LAC,QB,7,KC,0,0,0,0,0,0,0,0,0,0,0,0,0,0
527,Matt Schaub,OAK,QB,7,ARI,0,0,0,0,0,0,0,0,0,0,0,0,0,0
527,Drew Stanton,ARI,QB,7,OAK,0,0,0,0,0,0,0,0,0,0,0,0,0,0
527,Bruce Gradkowski,PIT,QB,7,HOU,0,0,0,0,0,0,0,0,0,0,0,0,0,0
527,Matt Cassel,MIN,QB,5,GB,0,0,0,0,0,0,0,0,0,0,0,0,0,0
527,Matt Hasselbeck,IND,QB,5,BAL,0,0,0,0,0,0,0,0,0,0,0,0,0,0
527,Shaun Hill,LAR,QB,5,PHI,0,0,0,0,0,0,0,0,0,0,0,0,0,0
527,Matt Barkley,PHI,QB,5,LAR,0,0,0,0,0,0,0,0,0,0,0,0,0,0
527,Luke McCown,NO,QB,5,TB,0,0,0,0,0,0,0,0,0,0,0,0,0,0
527,Josh McCown,TB,QB,5,NO,0,0,0,0,0,0,0,0,0,0,0,0,0,0
527,Dan Orlovsky,DET,QB,5,BUF,0,0,0,0,0,0,0,0,0,0,0,0,0,0
527,Derek Anderson,CAR,QB,5,CHI,0,0,0,0,0,0,0,0,0,0,0,0,0,0
527,Bruce Gradkowski,PIT,QB,5,JAX,0,0,0,0,0,0,0,0,0,0,0,0,0,0
527,Kellen Clemens,LAC,QB,5,NYJ,0,0,0,0,0,0,0,0,0,0,0,0,0,0
527,Michael Vick,NYJ,QB,5,LAC,0,0,0,0,0,0,0,0,0,0,0,0,0,0
527,Jason Campbell,CIN,QB,5,NE,0,0,0,0,0,0,0,0,0,0,0,0,0,0
527,Tarvaris Jackson,SEA,QB,5,WAS,0,0,0,0,0,0,0,0,0,0,0,0,0,0
527,Matt Hasselbeck,IND,QB,6,HOU,0,0,0,0,0,0,0,0,0,0,0,0,0,0
527,Bruce Gradkowski,PIT,QB,6,CLE,0,0,0,0,0,0,0,0,0,0,0,0,0,0
527,Matt Cassel,MIN,QB,6,DET,0,0,0,0,0,0,0,0,0,0,0,0,0,0
527,Dan Orlovsky,DET,QB,6,MIN,0,0,0,0,0,0,0,0,0,0,0,0,0,0
527,Jason Campbell,CIN,QB,6,CAR,0,0,0,0,0,0,0,0,0,0,0,0,0,0
527,Derek Anderson,CAR,QB,6,CIN,0,0,0,0,0,0,0,0,0,0,0,0,0,0
527,Kellen Clemens,LAC,QB,6,OAK,0,0,0,0,0,0,0,0,0,0,0,0,0,0
527,Tarvaris Jackson,SEA,QB,6,DAL,0,0,0,0,0,0,0,0,0,0,0,0,0,0
527,Matt Barkley,PHI,QB,6,NYG,0,0,0,0,0,0,0,0,0,0,0,0,0,0
527,Shaun Hill,LAR,QB,6,SF,0,0,0,0,0,0,0,0,0,0,0,0,0,0
527,Luke McCown,NO,QB,9,CAR,0,0,0,0,0,0,0,0,0,0,0,0,0,0
527,Derek Anderson,CAR,QB,9,NO,0,0,0,0,0,0,0,0,0,0,0,0,0,0
527,Kellen Clemens,LAC,QB,9,MIA,0,0,0,0,0,0,0,0,0,0,0,0,0,0
527,Drew Stanton,ARI,QB,9,DAL,0,0,0,0,0,0,0,0,0,0,0,0,0,0
527,Colt McCoy,WAS,QB,9,MIN,0,0,0,0,0,0,0,0,0,0,0,0,0,0
527,Matt Cassel,MIN,QB,9,WAS,0,0,0,0,0,0,0,0,0,0,0,0,0,0
527,Matt Barkley,PHI,QB,9,HOU,0,0,0,0,0,0,0,0,0,0,0,0,0,0
527,Jason Campbell,CIN,QB,9,JAX,0,0,0,0,0,0,0,0,0,0,0,0,0,0
527,Chad Henne,JAX,QB,9,CIN,0,0,0,0,0,0,0,0,0,0,0,0,0,0
527,Josh McCown,TB,QB,9,CLE,0,0,0,0,0,0,0,0,0,0,0,0,0,0
527,Sam Bradford,LAR,QB,9,SF,0,0,0,0,0,0,0,0,0,0,0,0,0,0
527,Shaun Hill,LAR,QB,9,SF,0,0,0,0,0,0,0,0,0,0,0,0,0,0
527,Tarvaris Jackson,SEA,QB,9,OAK,0,0,0,0,0,0,0,0,0,0,0,0,0,0
527,Matt Schaub,OAK,QB,9,SEA,0,0,0,0,0,0,0,0,0,0,0,0,0,0
527,Bruce Gradkowski,PIT,QB,9,BAL,0,0,0,0,0,0,0,0,0,0,0,0,0,0
527,Matt Hasselbeck,IND,QB,9,NYG,0,0,0,0,0,0,0,0,0,0,0,0,0,0
527,Kellen Clemens,LAC,QB,8,DEN,0,0,0,0,0,0,0,0,0,0,0,0,0,0
527,Dan Orlovsky,DET,QB,8,ATL,0,0,0,0,0,0,0,0,0,0,0,0,0,0
527,Jason Campbell,CIN,QB,8,BAL,0,0,0,0,0,0,0,0,0,0,0,0,0,0
527,Tarvaris Jackson,SEA,QB,8,CAR,0,0,0,0,0,0,0,0,0,0,0,0,0,0
527,Derek Anderson,CAR,QB,8,SEA,0,0,0,0,0,0,0,0,0,0,0,0,0,0
527,Shaun Hill,LAR,QB,8,KC,0,0,0,0,0,0,0,0,0,0,0,0,0,0
527,Matt Cassel,MIN,QB,8,TB,0,0,0,0,0,0,0,0,0,0,0,0,0,0
527,Josh McCown,TB,QB,8,MIN,0,0,0,0,0,0,0,0,0,0,0,0,0,0
527,Drew Stanton,ARI,QB,8,PHI,0,0,0,0,0,0,0,0,0,0,0,0,0,0
527,Matt Barkley,PHI,QB,8,ARI,0,0,0,0,0,0,0,0,0,0,0,0,0,0
527,Johnny Manziel,CLE,QB,8,OAK,0,0,0,0,0,0,0,0,0,0,0,0,0,0
527,Matt Schaub,OAK,QB,8,CLE,0,0,0,0,0,0,0,0,0,0,0,0,0,0
527,Matt Hasselbeck,IND,QB,8,PIT,0,0,0,0,0,0,0,0,0,0,0,0,0,0
527,Bruce Gradkowski,PIT,QB,8,IND,0,0,0,0,0,0,0,0,0,0,0,0,0,0
527,Luke McCown,NO,QB,8,GB,0,0,0,0,0,0,0,0,0,0,0,0,0,0
527,Dan Orlovsky,DET,QB,13,CHI,0,0,0,0,0,0,0,0,0,0,0,0,0,0
527,Tarvaris Jackson,SEA,QB,13,SF,0,0,0,0,0,0,0,0,0,0,0,0,0,0
527,Charlie Whitehurst,TEN,QB,13,HOU,0,0,0,0,0,0,0,0,0,0,0,0,0,0
527,Bruce Gradkowski,PIT,QB,13,NO,0,0,0,0,0,0,0,0,0,0,0,0,0,0
527,Luke McCown,NO,QB,13,PIT,0,0,0,0,0,0,0,0,0,0,0,0,0,0
527,Derek Anderson,CAR,QB,13,MIN,0,0,0,0,0,0,0,0,0,0,0,0,0,0
527,Matt Cassel,MIN,QB,13,CAR,0,0,0,0,0,0,0,0,0,0,0,0,0,0
527,Kellen Clemens,LAC,QB,13,BAL,0,0,0,0,0,0,0,0,0,0,0,0,0,0
527,Jason Campbell,CIN,QB,13,TB,0,0,0,0,0,0,0,0,0,0,0,0,0,0
527,Matt Hasselbeck,IND,QB,13,WAS,0,0,0,0,0,0,0,0,0,0,0,0,0,0
527,Matt Schaub,OAK,QB,13,LAR,0,0,0,0,0,0,0,0,0,0,0,0,0,0
527,Carson Palmer,ARI,QB,13,ATL,0,0,0,0,0,0,0,0,0,0,0,0,0,0
527,Matt Barkley,PHI,QB,11,GB,0,0,0,0,0,0,0,0,0,0,0,0,0,0
527,Matt Cassel,MIN,QB,11,CHI,0,0,0,0,0,0,0,0,0,0,0,0,0,0
527,Derek Anderson,CAR,QB,11,ATL,0,0,0,0,0,0,0,0,0,0,0,0,0,0
527,Johnny Manziel,CLE,QB,11,HOU,0,0,0,0,0,0,0,0,0,0,0,0,0,0
527,Ryan Fitzpatrick,HOU,QB,11,CLE,0,0,0,0,0,0,0,0,0,0,0,0,0,0
527,Luke McCown,NO,QB,11,CIN,0,0,0,0,0,0,0,0,0,0,0,0,0,0
527,Jason Campbell,CIN,QB,11,NO,0,0,0,0,0,0,0,0,0,0,0,0,0,0
527,Tarvaris Jackson,SEA,QB,11,KC,0,0,0,0,0,0,0,0,0,0,0,0,0,0
527,Matt Schaub,OAK,QB,11,LAC,0,0,0,0,0,0,0,0,0,0,0,0,0,0
527,Kellen Clemens,LAC,QB,11,OAK,0,0,0,0,0,0,0,0,0,0,0,0,0,0
527,Dan Orlovsky,DET,QB,11,ARI,0,0,0,0,0,0,0,0,0,0,0,0,0,0
527,Matt Hasselbeck,IND,QB,11,NE,0,0,0,0,0,0,0,0,0,0,0,0,0,0
527,Charlie Whitehurst,TEN,QB,11,PIT,0,0,0,0,0,0,0,0,0,0,0,0,0,0
527,Bruce Gradkowski,PIT,QB,11,TEN,0,0,0,0,0,0,0,0,0,0,0,0,0,0
527,Bruce Gradkowski,PIT,QB,2,BAL,0,0,0,0,0,0,0,0,0,0,0,0,0,0
527,Landry Jones,PIT,QB,2,BAL,0,0,0,0,0,0,0,0,0,0,0,0,0,0
527,Zach Mettenberger,TEN,QB,2,DAL,0,0,0,0,0,0,0,0,0,0,0,0,0,0
527,Dustin Vaughan,DAL,QB,2,TEN,0,0,0,0,0,0,0,0,0,0,0,0,0,0
527,Brandon Weeden,DAL,QB,2,TEN,0,0,0,0,0,0,0,0,0,0,0,0,0,0
527,Charlie Whitehurst,TEN,QB,2,DAL,0,0,0,0,0,0,0,0,0,0,0,0,0,0
527,Dan Orlovsky,DET,QB,2,CAR,0,0,0,0,0,0,0,0,0,0,0,0,0,0
527,Joe Webb,CAR,QB,2,DET,0,0,0,0,0,0,0,0,0,0,0,0,0,0
527,Kellen Moore,DET,QB,2,CAR,0,0,0,0,0,0,0,0,0,0,0,0,0,0
527,Kyle Orton,BUF,QB,2,MIA,0,0,0,0,0,0,0,0,0,0,0,0,0,0
527,Matt Moore,MIA,QB,2,BUF,0,0,0,0,0,0,0,0,0,0,0,0,0,0
527,Jimmy Garoppolo,NE,QB,2,MIN,0,0,0,0,0,0,0,0,0,0,0,0,0,0
527,Teddy Bridgewater,MIN,QB,2,NE,0,0,0,0,0,0,0,0,0,0,0,0,0,0
527,Johnny Manziel,CLE,QB,2,NO,0,0,0,0,0,0,0,0,0,0,0,0,0,0
527,Luke McCown,NO,QB,2,CLE,0,0,0,0,0,0,0,0,0,0,0,0,0,0
527,Jason Campbell,CIN,QB,2,ATL,0,0,0,0,0,0,0,0,0,0,0,0,0,0
527,TJ Yates,ATL,QB,2,CIN,0,0,0,0,0,0,0,0,0,0,0,0,0,0
527,Sean Renfree,ATL,QB,2,CIN,0,0,0,0,0,0,0,0,0,0,0,0,0,0
527,Blake Bortles,JAX,QB,2,WAS,0,0,0,0,0,0,0,0,0,0,0,0,0,0
527,Kirk Cousins,WAS,QB,2,JAX,0,0,0,0,0,0,0,0,0,0,0,0,0,0
527,Colt McCoy,WAS,QB,2,JAX,0,0,0,0,0,0,0,0,0,0,0,0,0,0
527,Carson Palmer,ARI,QB,2,NYG,0,0,0,0,0,0,0,0,0,0,0,0,0,0
527,Ryan Nassib,NYG,QB,2,ARI,0,0,0,0,0,0,0,0,0,0,0,0,0,0
527,Kellen Clemens,LAC,QB,2,SEA,0,0,0,0,0,0,0,0,0,0,0,0,0,0
527,Tarvaris Jackson,SEA,QB,2,LAC,0,0,0,0,0,0,0,0,0,0,0,0,0,0
527,Shaun Hill,LAR,QB,2,TB,0,0,0,0,0,0,0,0,0,0,0,0,0,0
527,Mike Glennon,TB,QB,2,LAR,0,0,0,0,0,0,0,0,0,0,0,0,0,0
527,Case Keenum,LAR,QB,2,TB,0,0,0,0,0,0,0,0,0,0,0,0,0,0
527,Matt McGloin,OAK,QB,2,HOU,0,0,0,0,0,0,0,0,0,0,0,0,0,0
527,Tom Savage,HOU,QB,2,OAK,0,0,0,0,0,0,0,0,0,0,0,0,0,0
527,Christian Ponder,OAK,QB,2,HOU,0,0,0,0,0,0,0,0,0,0,0,0,0,0
527,Ryan Mallett,HOU,QB,2,OAK,0,0,0,0,0,0,0,0,0,0,0,0,0,0
527,Matt Schaub,OAK,QB,2,HOU,0,0,0,0,0,0,0,0,0,0,0,0,0,0
527,Josh Johnson,NYJ,QB,2,GB,0,0,0,0,0,0,0,0,0,0,0,0,0,0
527,Michael Vick,NYJ,QB,2,GB,0,0,0,0,0,0,0,0,0,0,0,0,0,0
527,Scott Tolzien,GB,QB,2,NYJ,0,0,0,0,0,0,0,0,0,0,0,0,0,0
527,Aaron Murray,KC,QB,2,DEN,0,0,0,0,0,0,0,0,0,0,0,0,0,0
527,Brock Osweiler,DEN,QB,2,KC,0,0,0,0,0,0,0,0,0,0,0,0,0,0
527,Chase Daniel,KC,QB,2,DEN,0,0,0,0,0,0,0,0,0,0,0,0,0,0
527,Jimmy Clausen,CHI,QB,2,SF,0,0,0,0,0,0,0,0,0,0,0,0,0,0
527,David Fales,CHI,QB,2,SF,0,0,0,0,0,0,0,0,0,0,0,0,0,0
527,Matt Barkley,PHI,QB,2,IND,0,0,0,0,0,0,0,0,0,0,0,0,0,0
527,Mark Sanchez,PHI,QB,2,IND,0,0,0,0,0,0,0,0,0,0,0,0,0,0
527,Matt Hasselbeck,IND,QB,2,PHI,0,0,0,0,0,0,0,0,0,0,0,0,0,0
527,Matt Cassel,MIN,QB,14,NYJ,0,0,0,0,0,0,0,0,0,0,0,0,0,0
527,Michael Vick,NYJ,QB,14,MIN,0,0,0,0,0,0,0,0,0,0,0,0,0,0
527,Luke McCown,NO,QB,14,CAR,0,0,0,0,0,0,0,0,0,0,0,0,0,0
527,Derek Anderson,CAR,QB,14,NO,0,0,0,0,0,0,0,0,0,0,0,0,0,0
527,Matt Hasselbeck,IND,QB,14,CLE,0,0,0,0,0,0,0,0,0,0,0,0,0,0
527,Jason Campbell,CIN,QB,14,PIT,0,0,0,0,0,0,0,0,0,0,0,0,0,0
527,Bruce Gradkowski,PIT,QB,14,CIN,0,0,0,0,0,0,0,0,0,0,0,0,0,0
527,Charlie Whitehurst,TEN,QB,14,NYG,0,0,0,0,0,0,0,0,0,0,0,0,0,0
527,Dan Orlovsky,DET,QB,14,TB,0,0,0,0,0,0,0,0,0,0,0,0,0,0
527,Carson Palmer,ARI,QB,14,KC,0,0,0,0,0,0,0,0,0,0,0,0,0,0
527,Tarvaris Jackson,SEA,QB,14,PHI,0,0,0,0,0,0,0,0,0,0,0,0,0,0
527,Matt Schaub,OAK,QB,14,SF,0,0,0,0,0,0,0,0,0,0,0,0,0,0
527,Kellen Clemens,LAC,QB,14,NE,0,0,0,0,0,0,0,0,0,0,0,0,0,0
527,Carson Palmer,ARI,QB,15,LAR,0,0,0,0,0,0,0,0,0,0,0,0,0,0
527,Dan Orlovsky,DET,QB,15,MIN,0,0,0,0,0,0,0,0,0,0,0,0,0,0
527,Matt Cassel,MIN,QB,15,DET,0,0,0,0,0,0,0,0,0,0,0,0,0,0
527,Matt Hasselbeck,IND,QB,15,HOU,0,0,0,0,0,0,0,0,0,0,0,0,0,0
527,Matt Schaub,OAK,QB,15,KC,0,0,0,0,0,0,0,0,0,0,0,0,0,0
527,Bruce Gradkowski,PIT,QB,15,ATL,0,0,0,0,0,0,0,0,0,0,0,0,0,0
527,Jason Campbell,CIN,QB,15,CLE,0,0,0,0,0,0,0,0,0,0,0,0,0,0
527,Kellen Clemens,LAC,QB,15,DEN,0,0,0,0,0,0,0,0,0,0,0,0,0,0
527,Michael Vick,NYJ,QB,15,TEN,0,0,0,0,0,0,0,0,0,0,0,0,0,0
527,Charlie Whitehurst,TEN,QB,15,NYJ,0,0,0,0,0,0,0,0,0,0,0,0,0,0
527,Tarvaris Jackson,SEA,QB,15,SF,0,0,0,0,0,0,0,0,0,0,0,0,0,0
527,Luke McCown,NO,QB,15,CHI,0,0,0,0,0,0,0,0,0,0,0,0,0,0
527,Kellen Clemens,LAC,QB,16,SF,0,0,0,0,0,0,0,0,0,0,0,0,0,0
527,Michael Vick,NYJ,QB,16,NE,0,0,0,0,0,0,0,0,0,0,0,0,0,0
527,Matt Cassel,MIN,QB,16,MIA,0,0,0,0,0,0,0,0,0,0,0,0,0,0
527,Bruce Gradkowski,PIT,QB,16,KC,0,0,0,0,0,0,0,0,0,0,0,0,0,0
527,Derek Anderson,CAR,QB,16,CLE,0,0,0,0,0,0,0,0,0,0,0,0,0,0
527,Jay Cutler,CHI,QB,16,DET,0,0,0,0,0,0,0,0,0,0,0,0,0,0
527,Dan Orlovsky,DET,QB,16,CHI,0,0,0,0,0,0,0,0,0,0,0,0,0,0
527,Luke McCown,NO,QB,16,ATL,0,0,0,0,0,0,0,0,0,0,0,0,0,0
527,Matt Hasselbeck,IND,QB,16,DAL,0,0,0,0,0,0,0,0,0,0,0,0,0,0
527,Tarvaris Jackson,SEA,QB,16,ARI,0,0,0,0,0,0,0,0,0,0,0,0,0,0
527,Carson Palmer,ARI,QB,16,SEA,0,0,0,0,0,0,0,0,0,0,0,0,0,0
527,Jason Campbell,CIN,QB,16,DEN,0,0,0,0,0,0,0,0,0,0,0,0,0,0
527,Jason Campbell,CIN,QB,10,CLE,0,0,0,0,0,0,0,0,0,0,0,0,0,0
527,Johnny Manziel,CLE,QB,10,CIN,0,0,0,0,0,0,0,0,0,0,0,0,0,0
527,Bruce Gradkowski,PIT,QB,10,NYJ,0,0,0,0,0,0,0,0,0,0,0,0,0,0
527,Charlie Whitehurst,TEN,QB,10,BAL,0,0,0,0,0,0,0,0,0,0,0,0,0,0
527,Luke McCown,NO,QB,10,SF,0,0,0,0,0,0,0,0,0,0,0,0,0,0
527,Dan Orlovsky,DET,QB,10,MIA,0,0,0,0,0,0,0,0,0,0,0,0,0,0
527,Matt Schaub,OAK,QB,10,DEN,0,0,0,0,0,0,0,0,0,0,0,0,0,0
527,Sam Bradford,LAR,QB,10,ARI,0,0,0,0,0,0,0,0,0,0,0,0,0,0
527,Shaun Hill,LAR,QB,10,ARI,0,0,0,0,0,0,0,0,0,0,0,0,0,0
527,Drew Stanton,ARI,QB,10,LAR,0,0,0,0,0,0,0,0,0,0,0,0,0,0
527,Tarvaris Jackson,SEA,QB,10,NYG,0,0,0,0,0,0,0,0,0,0,0,0,0,0
527,Derek Anderson,CAR,QB,10,PHI,0,0,0,0,0,0,0,0,0,0,0,0,0,0
527,Matt Barkley,PHI,QB,10,CAR,0,0,0,0,0,0,0,0,0,0,0,0,0,0
527,Michael Vick,NYJ,QB,17,MIA,0,0,0,0,0,0,0,0,0,0,0,0,0,0
527,Bruce Gradkowski,PIT,QB,17,CIN,0,0,0,0,0,0,0,0,0,0,0,0,0,0
527,Jason Campbell,CIN,QB,17,PIT,0,0,0,0,0,0,0,0,0,0,0,0,0,0
527,Matt Cassel,MIN,QB,17,CHI,0,0,0,0,0,0,0,0,0,0,0,0,0,0
527,Luke McCown,NO,QB,17,TB,0,0,0,0,0,0,0,0,0,0,0,0,0,0
527,Dan Orlovsky,DET,QB,17,GB,0,0,0,0,0,0,0,0,0,0,0,0,0,0
527,Kellen Clemens,LAC,QB,17,KC,0,0,0,0,0,0,0,0,0,0,0,0,0,0
527,Derek Anderson,CAR,QB,17,ATL,0,0,0,0,0,0,0,0,0,0,0,0,0,0
527,Matt Schaub,OAK,QB,17,DEN,0,0,0,0,0,0,0,0,0,0,0,0,0,0
527,Carson Palmer,ARI,QB,17,SF,0,0,0,0,0,0,0,0,0,0,0,0,0,0
527,Tarvaris Jackson,SEA,QB,17,LAR,0,0,0,0,0,0,0,0,0,0,0,0,0,0
527,Matt Schaub,OAK,QB,12,KC,0,0,0,0,0,0,0,0,0,0,0,0,0,0
527,Charlie Whitehurst,TEN,QB,12,PHI,0,0,0,0,0,0,0,0,0,0,0,0,0,0
527,Matt Cassel,MIN,QB,12,GB,0,0,0,0,0,0,0,0,0,0,0,0,0,0
527,Ryan Fitzpatrick,HOU,QB,12,CIN,0,0,0,0,0,0,0,0,0,0,0,0,0,0
527,Jason Campbell,CIN,QB,12,HOU,0,0,0,0,0,0,0,0,0,0,0,0,0,0
527,Dan Orlovsky,DET,QB,12,NE,0,0,0,0,0,0,0,0,0,0,0,0,0,0
527,Matt Hasselbeck,IND,QB,12,JAX,0,0,0,0,0,0,0,0,0,0,0,0,0,0
527,Kellen Clemens,LAC,QB,12,LAR,0,0,0,0,0,0,0,0,0,0,0,0,0,0
527,Tarvaris Jackson,SEA,QB,12,ARI,0,0,0,0,0,0,0,0,0,0,0,0,0,0
527,Carson Palmer,ARI,QB,12,SEA,0,0,0,0,0,0,0,0,0,0,0,0,0,0
527,Luke McCown,NO,QB,12,BAL,0,0,0,0,0,0,0,0,0,0,0,0,0,0
